coach,tm,seas
Lloyd Pierce,ATL,2021
Nate McMillan,ATL,2021
Brad Stevens,BOS,2021
Steve Nash,BRK,2021
Billy Donovan,CHI,2021
James Borrego,CHO,2021
J.B. Bickerstaff,CLE,2021
Rick Carlisle,DAL,2021
Michael Malone,DEN,2021
Dwane Casey,DET,2021
Steve Kerr,GSW,2021
Stephen Silas,HOU,2021
Nate Bjorkgren,IND,2021
Tyronn Lue,LAC,2021
Frank Vogel,LAL,2021
Taylor Jenkins,MEM,2021
Erik Spoelstra,MIA,2021
Mike Budenholzer,MIL,2021
Ryan Saunders,MIN,2021
Chris Finch,MIN,2021
Stan Van Gundy,NOP,2021
Tom Thibodeau,NYK,2021
Mark Daigneault,OKC,2021
Steve Clifford,ORL,2021
Doc Rivers,PHI,2021
Monty Williams,PHO,2021
Terry Stotts,POR,2021
Luke Walton,SAC,2021
Gregg Popovich,SAS,2021
Nick Nurse,TOR,2021
Quin Snyder,UTA,2021
Scott Brooks,WAS,2021
Lloyd Pierce,ATL,2020
Brad Stevens,BOS,2020
Kenny Atkinson,BRK,2020
Jacque Vaughn,BRK,2020
Jim Boylen,CHI,2020
James Borrego,CHO,2020
John Beilein,CLE,2020
J.B. Bickerstaff,CLE,2020
Rick Carlisle,DAL,2020
Michael Malone,DEN,2020
Dwane Casey,DET,2020
Steve Kerr,GSW,2020
Mike D'Antoni,HOU,2020
Nate McMillan,IND,2020
Doc Rivers,LAC,2020
Frank Vogel,LAL,2020
Taylor Jenkins,MEM,2020
Erik Spoelstra,MIA,2020
Mike Budenholzer,MIL,2020
Ryan Saunders,MIN,2020
Alvin Gentry,NOP,2020
David Fizdale,NYK,2020
Mike Miller,NYK,2020
Billy Donovan,OKC,2020
Steve Clifford,ORL,2020
Brett Brown,PHI,2020
Monty Williams,PHO,2020
Terry Stotts,POR,2020
Luke Walton,SAC,2020
Gregg Popovich,SAS,2020
Nick Nurse,TOR,2020
Quin Snyder,UTA,2020
Scott Brooks,WAS,2020
Lloyd Pierce,ATL,2019
Brad Stevens,BOS,2019
Kenny Atkinson,BRK,2019
Fred Hoiberg,CHI,2019
Jim Boylen,CHI,2019
James Borrego,CHO,2019
Tyronn Lue,CLE,2019
Larry Drew,CLE,2019
Rick Carlisle,DAL,2019
Michael Malone,DEN,2019
Dwane Casey,DET,2019
Steve Kerr,GSW,2019
Mike D'Antoni,HOU,2019
Nate McMillan,IND,2019
Doc Rivers,LAC,2019
Luke Walton,LAL,2019
J.B. Bickerstaff,MEM,2019
Erik Spoelstra,MIA,2019
Mike Budenholzer,MIL,2019
Tom Thibodeau,MIN,2019
Ryan Saunders,MIN,2019
Alvin Gentry,NOP,2019
David Fizdale,NYK,2019
Billy Donovan,OKC,2019
Steve Clifford,ORL,2019
Brett Brown,PHI,2019
Igor Kokoskov,PHO,2019
Terry Stotts,POR,2019
Dave Joerger,SAC,2019
Gregg Popovich,SAS,2019
Nick Nurse,TOR,2019
Quin Snyder,UTA,2019
Scott Brooks,WAS,2019
Mike Budenholzer,ATL,2018
Brad Stevens,BOS,2018
Kenny Atkinson,BRK,2018
Fred Hoiberg,CHI,2018
Steve Clifford,CHO,2018
Tyronn Lue,CLE,2018
Rick Carlisle,DAL,2018
Michael Malone,DEN,2018
Stan Van Gundy,DET,2018
Steve Kerr,GSW,2018
Mike D'Antoni,HOU,2018
Nate McMillan,IND,2018
Doc Rivers,LAC,2018
Luke Walton,LAL,2018
David Fizdale,MEM,2018
J.B. Bickerstaff,MEM,2018
Erik Spoelstra,MIA,2018
Jason Kidd,MIL,2018
Joe Prunty,MIL,2018
Tom Thibodeau,MIN,2018
Alvin Gentry,NOP,2018
Jeff Hornacek,NYK,2018
Billy Donovan,OKC,2018
Frank Vogel,ORL,2018
Brett Brown,PHI,2018
Earl Watson,PHO,2018
Jay Triano,PHO,2018
Terry Stotts,POR,2018
Dave Joerger,SAC,2018
Gregg Popovich,SAS,2018
Dwane Casey,TOR,2018
Quin Snyder,UTA,2018
Scott Brooks,WAS,2018
Mike Budenholzer,ATL,2017
Brad Stevens,BOS,2017
Kenny Atkinson,BRK,2017
Fred Hoiberg,CHI,2017
Steve Clifford,CHO,2017
Tyronn Lue,CLE,2017
Rick Carlisle,DAL,2017
Michael Malone,DEN,2017
Stan Van Gundy,DET,2017
Steve Kerr,GSW,2017
Mike D'Antoni,HOU,2017
Nate McMillan,IND,2017
Doc Rivers,LAC,2017
Luke Walton,LAL,2017
David Fizdale,MEM,2017
Erik Spoelstra,MIA,2017
Jason Kidd,MIL,2017
Tom Thibodeau,MIN,2017
Alvin Gentry,NOP,2017
Jeff Hornacek,NYK,2017
Billy Donovan,OKC,2017
Frank Vogel,ORL,2017
Brett Brown,PHI,2017
Earl Watson,PHO,2017
Terry Stotts,POR,2017
Dave Joerger,SAC,2017
Gregg Popovich,SAS,2017
Dwane Casey,TOR,2017
Quin Snyder,UTA,2017
Scott Brooks,WAS,2017
Mike Budenholzer,ATL,2016
Brad Stevens,BOS,2016
Lionel Hollins,BRK,2016
Tony Brown,BRK,2016
Fred Hoiberg,CHI,2016
Steve Clifford,CHO,2016
David Blatt,CLE,2016
Tyronn Lue,CLE,2016
Rick Carlisle,DAL,2016
Michael Malone,DEN,2016
Stan Van Gundy,DET,2016
Steve Kerr,GSW,2016
Kevin McHale,HOU,2016
J.B. Bickerstaff,HOU,2016
Frank Vogel,IND,2016
Doc Rivers,LAC,2016
Byron Scott,LAL,2016
Dave Joerger,MEM,2016
Erik Spoelstra,MIA,2016
Jason Kidd,MIL,2016
Sam Mitchell,MIN,2016
Alvin Gentry,NOP,2016
Derek Fisher,NYK,2016
Kurt Rambis,NYK,2016
Billy Donovan,OKC,2016
Scott Skiles,ORL,2016
Brett Brown,PHI,2016
Jeff Hornacek,PHO,2016
Earl Watson,PHO,2016
Terry Stotts,POR,2016
George Karl,SAC,2016
Gregg Popovich,SAS,2016
Dwane Casey,TOR,2016
Quin Snyder,UTA,2016
Randy Wittman,WAS,2016
Mike Budenholzer,ATL,2015
Brad Stevens,BOS,2015
Lionel Hollins,BRK,2015
Tom Thibodeau,CHI,2015
Steve Clifford,CHO,2015
David Blatt,CLE,2015
Rick Carlisle,DAL,2015
Brian Shaw,DEN,2015
Melvin Hunt,DEN,2015
Stan Van Gundy,DET,2015
Steve Kerr,GSW,2015
Kevin McHale,HOU,2015
Frank Vogel,IND,2015
Doc Rivers,LAC,2015
Byron Scott,LAL,2015
Dave Joerger,MEM,2015
Erik Spoelstra,MIA,2015
Jason Kidd,MIL,2015
Flip Saunders,MIN,2015
Monty Williams,NOP,2015
Derek Fisher,NYK,2015
Scott Brooks,OKC,2015
Jacque Vaughn,ORL,2015
James Borrego,ORL,2015
Brett Brown,PHI,2015
Jeff Hornacek,PHO,2015
Terry Stotts,POR,2015
Michael Malone,SAC,2015
Tyrone Corbin,SAC,2015
George Karl,SAC,2015
Gregg Popovich,SAS,2015
Dwane Casey,TOR,2015
Quin Snyder,UTA,2015
Randy Wittman,WAS,2015
Mike Budenholzer,ATL,2014
Brad Stevens,BOS,2014
Jason Kidd,BRK,2014
Steve Clifford,CHA,2014
Tom Thibodeau,CHI,2014
Mike Brown,CLE,2014
Rick Carlisle,DAL,2014
Brian Shaw,DEN,2014
Maurice Cheeks,DET,2014
John Loyer,DET,2014
Mark Jackson,GSW,2014
Kevin McHale,HOU,2014
Frank Vogel,IND,2014
Doc Rivers,LAC,2014
Mike D'Antoni,LAL,2014
Dave Joerger,MEM,2014
Erik Spoelstra,MIA,2014
Larry Drew,MIL,2014
Rick Adelman,MIN,2014
Monty Williams,NOP,2014
Mike Woodson,NYK,2014
Scott Brooks,OKC,2014
Jacque Vaughn,ORL,2014
Brett Brown,PHI,2014
Jeff Hornacek,PHO,2014
Terry Stotts,POR,2014
Michael Malone,SAC,2014
Gregg Popovich,SAS,2014
Dwane Casey,TOR,2014
Tyrone Corbin,UTA,2014
Randy Wittman,WAS,2014
Larry Drew,ATL,2013
Doc Rivers,BOS,2013
Avery Johnson,BRK,2013
P.J. Carlesimo,BRK,2013
Mike Dunlap,CHA,2013
Tom Thibodeau,CHI,2013
Byron Scott,CLE,2013
Rick Carlisle,DAL,2013
George Karl,DEN,2013
Lawrence Frank,DET,2013
Mark Jackson,GSW,2013
Kevin McHale,HOU,2013
Frank Vogel,IND,2013
Vinny Del Negro,LAC,2013
Mike Brown,LAL,2013
Bernie Bickerstaff,LAL,2013
Mike D'Antoni,LAL,2013
Lionel Hollins,MEM,2013
Erik Spoelstra,MIA,2013
Scott Skiles,MIL,2013
Jim Boylan,MIL,2013
Rick Adelman,MIN,2013
Monty Williams,NOH,2013
Mike Woodson,NYK,2013
Scott Brooks,OKC,2013
Jacque Vaughn,ORL,2013
Doug Collins,PHI,2013
Alvin Gentry,PHO,2013
Lindsey Hunter,PHO,2013
Terry Stotts,POR,2013
Keith Smart,SAC,2013
Gregg Popovich,SAS,2013
Dwane Casey,TOR,2013
Tyrone Corbin,UTA,2013
Randy Wittman,WAS,2013
Larry Drew,ATL,2012
Doc Rivers,BOS,2012
Paul Silas,CHA,2012
Tom Thibodeau,CHI,2012
Byron Scott,CLE,2012
Rick Carlisle,DAL,2012
George Karl,DEN,2012
Lawrence Frank,DET,2012
Mark Jackson,GSW,2012
Kevin McHale,HOU,2012
Frank Vogel,IND,2012
Vinny Del Negro,LAC,2012
Mike Brown,LAL,2012
Lionel Hollins,MEM,2012
Erik Spoelstra,MIA,2012
Scott Skiles,MIL,2012
Rick Adelman,MIN,2012
Avery Johnson,NJN,2012
Monty Williams,NOH,2012
Mike D'Antoni,NYK,2012
Mike Woodson,NYK,2012
Scott Brooks,OKC,2012
Stan Van Gundy,ORL,2012
Doug Collins,PHI,2012
Alvin Gentry,PHO,2012
Nate McMillan,POR,2012
Kaleb Canales,POR,2012
Paul Westphal,SAC,2012
Keith Smart,SAC,2012
Gregg Popovich,SAS,2012
Dwane Casey,TOR,2012
Tyrone Corbin,UTA,2012
Flip Saunders,WAS,2012
Randy Wittman,WAS,2012
Larry Drew,ATL,2011
Doc Rivers,BOS,2011
Larry Brown,CHA,2011
Paul Silas,CHA,2011
Tom Thibodeau,CHI,2011
Byron Scott,CLE,2011
Rick Carlisle,DAL,2011
George Karl,DEN,2011
John Kuester,DET,2011
Keith Smart,GSW,2011
Rick Adelman,HOU,2011
Jim O'Brien,IND,2011
Frank Vogel,IND,2011
Vinny Del Negro,LAC,2011
Phil Jackson,LAL,2011
Lionel Hollins,MEM,2011
Erik Spoelstra,MIA,2011
Scott Skiles,MIL,2011
Kurt Rambis,MIN,2011
Avery Johnson,NJN,2011
Monty Williams,NOH,2011
Mike D'Antoni,NYK,2011
Scott Brooks,OKC,2011
Stan Van Gundy,ORL,2011
Doug Collins,PHI,2011
Alvin Gentry,PHO,2011
Nate McMillan,POR,2011
Paul Westphal,SAC,2011
Gregg Popovich,SAS,2011
Jay Triano,TOR,2011
Jerry Sloan,UTA,2011
Tyrone Corbin,UTA,2011
Flip Saunders,WAS,2011
Mike Woodson,ATL,2010
Doc Rivers,BOS,2010
Larry Brown,CHA,2010
Vinny Del Negro,CHI,2010
Mike Brown,CLE,2010
Rick Carlisle,DAL,2010
George Karl,DEN,2010
John Kuester,DET,2010
Don Nelson,GSW,2010
Rick Adelman,HOU,2010
Jim O'Brien,IND,2010
Mike Dunleavy,LAC,2010
Kim Hughes,LAC,2010
Phil Jackson,LAL,2010
Lionel Hollins,MEM,2010
Erik Spoelstra,MIA,2010
Scott Skiles,MIL,2010
Kurt Rambis,MIN,2010
Lawrence Frank,NJN,2010
Tom Barrise,NJN,2010
Kiki Vandeweghe,NJN,2010
Byron Scott,NOH,2010
Jeff Bower,NOH,2010
Mike D'Antoni,NYK,2010
Scott Brooks,OKC,2010
Stan Van Gundy,ORL,2010
Eddie Jordan,PHI,2010
Alvin Gentry,PHO,2010
Nate McMillan,POR,2010
Paul Westphal,SAC,2010
Gregg Popovich,SAS,2010
Jay Triano,TOR,2010
Jerry Sloan,UTA,2010
Flip Saunders,WAS,2010
Mike Woodson,ATL,2009
Doc Rivers,BOS,2009
Larry Brown,CHA,2009
Vinny Del Negro,CHI,2009
Mike Brown,CLE,2009
Rick Carlisle,DAL,2009
George Karl,DEN,2009
Michael Curry,DET,2009
Don Nelson,GSW,2009
Rick Adelman,HOU,2009
Jim O'Brien,IND,2009
Mike Dunleavy,LAC,2009
Phil Jackson,LAL,2009
Marc Iavaroni,MEM,2009
Johnny Davis,MEM,2009
Lionel Hollins,MEM,2009
Erik Spoelstra,MIA,2009
Scott Skiles,MIL,2009
Randy Wittman,MIN,2009
Kevin McHale,MIN,2009
Lawrence Frank,NJN,2009
Byron Scott,NOH,2009
Mike D'Antoni,NYK,2009
P.J. Carlesimo,OKC,2009
Scott Brooks,OKC,2009
Stan Van Gundy,ORL,2009
Maurice Cheeks,PHI,2009
Tony DiLeo,PHI,2009
Terry Porter,PHO,2009
Alvin Gentry,PHO,2009
Nate McMillan,POR,2009
Reggie Theus,SAC,2009
Kenny Natt,SAC,2009
Gregg Popovich,SAS,2009
Sam Mitchell,TOR,2009
Jay Triano,TOR,2009
Jerry Sloan,UTA,2009
Eddie Jordan,WAS,2009
Ed Tapscott,WAS,2009
Mike Woodson,ATL,2008
Doc Rivers,BOS,2008
Sam Vincent,CHA,2008
Scott Skiles,CHI,2008
Pete Myers,CHI,2008
Jim Boylan,CHI,2008
Mike Brown,CLE,2008
Avery Johnson,DAL,2008
George Karl,DEN,2008
Flip Saunders,DET,2008
Don Nelson,GSW,2008
Rick Adelman,HOU,2008
Jim O'Brien,IND,2008
Mike Dunleavy,LAC,2008
Phil Jackson,LAL,2008
Marc Iavaroni,MEM,2008
Pat Riley,MIA,2008
Larry Krystkowiak,MIL,2008
Randy Wittman,MIN,2008
Lawrence Frank,NJN,2008
Byron Scott,NOH,2008
Isiah Thomas,NYK,2008
Stan Van Gundy,ORL,2008
Maurice Cheeks,PHI,2008
Mike D'Antoni,PHO,2008
Nate McMillan,POR,2008
Reggie Theus,SAC,2008
Gregg Popovich,SAS,2008
P.J. Carlesimo,SEA,2008
Sam Mitchell,TOR,2008
Jerry Sloan,UTA,2008
Eddie Jordan,WAS,2008
Mike Woodson,ATL,2007
Doc Rivers,BOS,2007
Bernie Bickerstaff,CHA,2007
Scott Skiles,CHI,2007
Mike Brown,CLE,2007
Avery Johnson,DAL,2007
George Karl,DEN,2007
Flip Saunders,DET,2007
Don Nelson,GSW,2007
Jeff Van Gundy,HOU,2007
Rick Carlisle,IND,2007
Mike Dunleavy,LAC,2007
Phil Jackson,LAL,2007
Mike Fratello,MEM,2007
Tony Barone,MEM,2007
Pat Riley,MIA,2007
Terry Stotts,MIL,2007
Larry Krystkowiak,MIL,2007
Dwane Casey,MIN,2007
Randy Wittman,MIN,2007
Lawrence Frank,NJN,2007
Byron Scott,NOK,2007
Isiah Thomas,NYK,2007
Brian Hill,ORL,2007
Maurice Cheeks,PHI,2007
Mike D'Antoni,PHO,2007
Nate McMillan,POR,2007
Eric Musselman,SAC,2007
Gregg Popovich,SAS,2007
Bob Hill,SEA,2007
Sam Mitchell,TOR,2007
Jerry Sloan,UTA,2007
Eddie Jordan,WAS,2007
Mike Woodson,ATL,2006
Doc Rivers,BOS,2006
Bernie Bickerstaff,CHA,2006
Scott Skiles,CHI,2006
Mike Brown,CLE,2006
Avery Johnson,DAL,2006
George Karl,DEN,2006
Flip Saunders,DET,2006
Mike Montgomery,GSW,2006
Jeff Van Gundy,HOU,2006
Rick Carlisle,IND,2006
Mike Dunleavy,LAC,2006
Phil Jackson,LAL,2006
Mike Fratello,MEM,2006
Stan Van Gundy,MIA,2006
Pat Riley,MIA,2006
Terry Stotts,MIL,2006
Dwane Casey,MIN,2006
Lawrence Frank,NJN,2006
Byron Scott,NOK,2006
Larry Brown,NYK,2006
Brian Hill,ORL,2006
Maurice Cheeks,PHI,2006
Mike D'Antoni,PHO,2006
Nate McMillan,POR,2006
Rick Adelman,SAC,2006
Gregg Popovich,SAS,2006
Bob Weiss,SEA,2006
Bob Hill,SEA,2006
Sam Mitchell,TOR,2006
Jerry Sloan,UTA,2006
Eddie Jordan,WAS,2006
Mike Woodson,ATL,2005
Doc Rivers,BOS,2005
Bernie Bickerstaff,CHA,2005
Scott Skiles,CHI,2005
Paul Silas,CLE,2005
Brendan Malone,CLE,2005
Don Nelson,DAL,2005
Avery Johnson,DAL,2005
Jeff Bzdelik,DEN,2005
Michael Cooper,DEN,2005
George Karl,DEN,2005
Larry Brown,DET,2005
Mike Montgomery,GSW,2005
Jeff Van Gundy,HOU,2005
Rick Carlisle,IND,2005
Mike Dunleavy,LAC,2005
Rudy Tomjanovich,LAL,2005
Frank Hamblen,LAL,2005
Hubie Brown,MEM,2005
Lionel Hollins,MEM,2005
Mike Fratello,MEM,2005
Stan Van Gundy,MIA,2005
Terry Porter,MIL,2005
Flip Saunders,MIN,2005
Kevin McHale,MIN,2005
Lawrence Frank,NJN,2005
Byron Scott,NOH,2005
Lenny Wilkens,NYK,2005
Herb Williams,NYK,2005
Johnny Davis,ORL,2005
Chris Jent,ORL,2005
Jim O'Brien,PHI,2005
Mike D'Antoni,PHO,2005
Maurice Cheeks,POR,2005
Kevin Pritchard,POR,2005
Rick Adelman,SAC,2005
Gregg Popovich,SAS,2005
Nate McMillan,SEA,2005
Sam Mitchell,TOR,2005
Jerry Sloan,UTA,2005
Eddie Jordan,WAS,2005
Terry Stotts,ATL,2004
Jim O'Brien,BOS,2004
John Carroll,BOS,2004
Bill Cartwright,CHI,2004
Pete Myers,CHI,2004
Scott Skiles,CHI,2004
Paul Silas,CLE,2004
Don Nelson,DAL,2004
Jeff Bzdelik,DEN,2004
Larry Brown,DET,2004
Eric Musselman,GSW,2004
Jeff Van Gundy,HOU,2004
Rick Carlisle,IND,2004
Mike Dunleavy,LAC,2004
Phil Jackson,LAL,2004
Hubie Brown,MEM,2004
Stan Van Gundy,MIA,2004
Terry Porter,MIL,2004
Flip Saunders,MIN,2004
Byron Scott,NJN,2004
Lawrence Frank,NJN,2004
Tim Floyd,NOH,2004
Don Chaney,NYK,2004
Herb Williams,NYK,2004
Lenny Wilkens,NYK,2004
Doc Rivers,ORL,2004
Johnny Davis,ORL,2004
Randy Ayers,PHI,2004
Chris Ford,PHI,2004
Frank Johnson,PHO,2004
Mike D'Antoni,PHO,2004
Maurice Cheeks,POR,2004
Rick Adelman,SAC,2004
Gregg Popovich,SAS,2004
Nate McMillan,SEA,2004
Kevin O'Neill,TOR,2004
Jerry Sloan,UTA,2004
Eddie Jordan,WAS,2004
Lon Kruger,ATL,2003
Terry Stotts,ATL,2003
Jim O'Brien,BOS,2003
Bill Cartwright,CHI,2003
John Lucas,CLE,2003
Keith Smart,CLE,2003
Don Nelson,DAL,2003
Jeff Bzdelik,DEN,2003
Rick Carlisle,DET,2003
Eric Musselman,GSW,2003
Rudy Tomjanovich,HOU,2003
Isiah Thomas,IND,2003
Alvin Gentry,LAC,2003
Dennis Johnson,LAC,2003
Phil Jackson,LAL,2003
Sidney Lowe,MEM,2003
Hubie Brown,MEM,2003
Pat Riley,MIA,2003
George Karl,MIL,2003
Flip Saunders,MIN,2003
Byron Scott,NJN,2003
Paul Silas,NOH,2003
Don Chaney,NYK,2003
Doc Rivers,ORL,2003
Larry Brown,PHI,2003
Frank Johnson,PHO,2003
Maurice Cheeks,POR,2003
Rick Adelman,SAC,2003
Gregg Popovich,SAS,2003
Nate McMillan,SEA,2003
Lenny Wilkens,TOR,2003
Jerry Sloan,UTA,2003
Doug Collins,WAS,2003
Lon Kruger,ATL,2002
Jim O'Brien,BOS,2002
Paul Silas,CHH,2002
Tim Floyd,CHI,2002
Bill Berry,CHI,2002
Bill Cartwright,CHI,2002
John Lucas,CLE,2002
Don Nelson,DAL,2002
Dan Issel,DEN,2002
Mike Evans,DEN,2002
Rick Carlisle,DET,2002
Dave Cowens,GSW,2002
Brian Winters,GSW,2002
Rudy Tomjanovich,HOU,2002
Isiah Thomas,IND,2002
Alvin Gentry,LAC,2002
Phil Jackson,LAL,2002
Sidney Lowe,MEM,2002
Pat Riley,MIA,2002
George Karl,MIL,2002
Flip Saunders,MIN,2002
Byron Scott,NJN,2002
Jeff Van Gundy,NYK,2002
Don Chaney,NYK,2002
Doc Rivers,ORL,2002
Larry Brown,PHI,2002
Scott Skiles,PHO,2002
Frank Johnson,PHO,2002
Maurice Cheeks,POR,2002
Rick Adelman,SAC,2002
Gregg Popovich,SAS,2002
Nate McMillan,SEA,2002
Lenny Wilkens,TOR,2002
Jerry Sloan,UTA,2002
Doug Collins,WAS,2002
Lon Kruger,ATL,2001
Rick Pitino,BOS,2001
Jim O'Brien,BOS,2001
Paul Silas,CHH,2001
Tim Floyd,CHI,2001
Randy Wittman,CLE,2001
Don Nelson,DAL,2001
Dan Issel,DEN,2001
George Irvine,DET,2001
Dave Cowens,GSW,2001
Rudy Tomjanovich,HOU,2001
Isiah Thomas,IND,2001
Alvin Gentry,LAC,2001
Phil Jackson,LAL,2001
Pat Riley,MIA,2001
George Karl,MIL,2001
Flip Saunders,MIN,2001
Byron Scott,NJN,2001
Jeff Van Gundy,NYK,2001
Doc Rivers,ORL,2001
Larry Brown,PHI,2001
Scott Skiles,PHO,2001
Mike Dunleavy,POR,2001
Rick Adelman,SAC,2001
Gregg Popovich,SAS,2001
Paul Westphal,SEA,2001
Nate McMillan,SEA,2001
Lenny Wilkens,TOR,2001
Jerry Sloan,UTA,2001
Sidney Lowe,VAN,2001
Leonard Hamilton,WAS,2001
Lenny Wilkens,ATL,2000
Rick Pitino,BOS,2000
Paul Silas,CHH,2000
Tim Floyd,CHI,2000
Randy Wittman,CLE,2000
Don Nelson,DAL,2000
Dan Issel,DEN,2000
Alvin Gentry,DET,2000
George Irvine,DET,2000
P.J. Carlesimo,GSW,2000
Garry St. Jean,GSW,2000
Rudy Tomjanovich,HOU,2000
Larry Bird,IND,2000
Chris Ford,LAC,2000
Jim Todd,LAC,2000
Phil Jackson,LAL,2000
Pat Riley,MIA,2000
George Karl,MIL,2000
Flip Saunders,MIN,2000
Don Casey,NJN,2000
Jeff Van Gundy,NYK,2000
Doc Rivers,ORL,2000
Larry Brown,PHI,2000
Danny Ainge,PHO,2000
Scott Skiles,PHO,2000
Mike Dunleavy,POR,2000
Rick Adelman,SAC,2000
Gregg Popovich,SAS,2000
Paul Westphal,SEA,2000
Butch Carter,TOR,2000
Jerry Sloan,UTA,2000
Brian Hill,VAN,2000
Lionel Hollins,VAN,2000
Gar Heard,WAS,2000
Darrell Walker,WAS,2000
Lenny Wilkens,ATL,1999
Rick Pitino,BOS,1999
Dave Cowens,CHH,1999
Paul Silas,CHH,1999
Tim Floyd,CHI,1999
Mike Fratello,CLE,1999
Don Nelson,DAL,1999
Mike D'Antoni,DEN,1999
Alvin Gentry,DET,1999
P.J. Carlesimo,GSW,1999
Rudy Tomjanovich,HOU,1999
Larry Bird,IND,1999
Chris Ford,LAC,1999
Del Harris,LAL,1999
Bill Bertka,LAL,1999
Kurt Rambis,LAL,1999
Pat Riley,MIA,1999
George Karl,MIL,1999
Flip Saunders,MIN,1999
John Calipari,NJN,1999
Don Casey,NJN,1999
Jeff Van Gundy,NYK,1999
Chuck Daly,ORL,1999
Larry Brown,PHI,1999
Danny Ainge,PHO,1999
Mike Dunleavy,POR,1999
Rick Adelman,SAC,1999
Gregg Popovich,SAS,1999
Paul Westphal,SEA,1999
Butch Carter,TOR,1999
Jerry Sloan,UTA,1999
Brian Hill,VAN,1999
Bernie Bickerstaff,WAS,1999
Jim Brovelli,WAS,1999
Lenny Wilkens,ATL,1998
Rick Pitino,BOS,1998
Dave Cowens,CHH,1998
Phil Jackson,CHI,1998
Mike Fratello,CLE,1998
Jim Cleamons,DAL,1998
Don Nelson,DAL,1998
Bill Hanzlik,DEN,1998
Doug Collins,DET,1998
Alvin Gentry,DET,1998
P.J. Carlesimo,GSW,1998
Rudy Tomjanovich,HOU,1998
Larry Bird,IND,1998
Bill Fitch,LAC,1998
Del Harris,LAL,1998
Pat Riley,MIA,1998
Chris Ford,MIL,1998
Flip Saunders,MIN,1998
John Calipari,NJN,1998
Jeff Van Gundy,NYK,1998
Chuck Daly,ORL,1998
Larry Brown,PHI,1998
Danny Ainge,PHO,1998
Mike Dunleavy,POR,1998
Eddie Jordan,SAC,1998
Gregg Popovich,SAS,1998
George Karl,SEA,1998
Darrell Walker,TOR,1998
Butch Carter,TOR,1998
Jerry Sloan,UTA,1998
Brian Hill,VAN,1998
Bernie Bickerstaff,WAS,1998
Lenny Wilkens,ATL,1997
M.L. Carr,BOS,1997
Dave Cowens,CHH,1997
Phil Jackson,CHI,1997
Mike Fratello,CLE,1997
Jim Cleamons,DAL,1997
Bernie Bickerstaff,DEN,1997
Dick Motta,DEN,1997
Doug Collins,DET,1997
Rick Adelman,GSW,1997
Rudy Tomjanovich,HOU,1997
Larry Brown,IND,1997
Bill Fitch,LAC,1997
Del Harris,LAL,1997
Pat Riley,MIA,1997
Chris Ford,MIL,1997
Flip Saunders,MIN,1997
John Calipari,NJN,1997
Jeff Van Gundy,NYK,1997
Brian Hill,ORL,1997
Richie Adubato,ORL,1997
Johnny Davis,PHI,1997
Cotton Fitzsimmons,PHO,1997
Danny Ainge,PHO,1997
P.J. Carlesimo,POR,1997
Garry St. Jean,SAC,1997
Eddie Jordan,SAC,1997
Bob Hill,SAS,1997
Gregg Popovich,SAS,1997
George Karl,SEA,1997
Darrell Walker,TOR,1997
Jerry Sloan,UTA,1997
Brian Winters,VAN,1997
Stu Jackson,VAN,1997
Jim Lynam,WSB,1997
Bob Staak,WSB,1997
Bernie Bickerstaff,WSB,1997
Lenny Wilkens,ATL,1996
M.L. Carr,BOS,1996
Allan Bristow,CHH,1996
Phil Jackson,CHI,1996
Mike Fratello,CLE,1996
Dick Motta,DAL,1996
Bernie Bickerstaff,DEN,1996
Doug Collins,DET,1996
Rick Adelman,GSW,1996
Rudy Tomjanovich,HOU,1996
Larry Brown,IND,1996
Bill Fitch,LAC,1996
Del Harris,LAL,1996
Pat Riley,MIA,1996
Mike Dunleavy,MIL,1996
Bill Blair,MIN,1996
Flip Saunders,MIN,1996
Butch Beard,NJN,1996
Don Nelson,NYK,1996
Jeff Van Gundy,NYK,1996
Brian Hill,ORL,1996
John Lucas,PHI,1996
Paul Westphal,PHO,1996
Cotton Fitzsimmons,PHO,1996
P.J. Carlesimo,POR,1996
Garry St. Jean,SAC,1996
Bob Hill,SAS,1996
George Karl,SEA,1996
Brendan Malone,TOR,1996
Jerry Sloan,UTA,1996
Brian Winters,VAN,1996
Jim Lynam,WSB,1996
Lenny Wilkens,ATL,1995
Chris Ford,BOS,1995
Allan Bristow,CHH,1995
Phil Jackson,CHI,1995
Mike Fratello,CLE,1995
Dick Motta,DAL,1995
Dan Issel,DEN,1995
Gene Littles,DEN,1995
Bernie Bickerstaff,DEN,1995
Don Chaney,DET,1995
Don Nelson,GSW,1995
Bob Lanier,GSW,1995
Rudy Tomjanovich,HOU,1995
Larry Brown,IND,1995
Bill Fitch,LAC,1995
Del Harris,LAL,1995
Kevin Loughery,MIA,1995
Alvin Gentry,MIA,1995
Mike Dunleavy,MIL,1995
Bill Blair,MIN,1995
Butch Beard,NJN,1995
Pat Riley,NYK,1995
Brian Hill,ORL,1995
John Lucas,PHI,1995
Paul Westphal,PHO,1995
P.J. Carlesimo,POR,1995
Garry St. Jean,SAC,1995
Bob Hill,SAS,1995
George Karl,SEA,1995
Jerry Sloan,UTA,1995
Jim Lynam,WSB,1995
Lenny Wilkens,ATL,1994
Chris Ford,BOS,1994
Allan Bristow,CHH,1994
Phil Jackson,CHI,1994
Mike Fratello,CLE,1994
Quinn Buckner,DAL,1994
Dan Issel,DEN,1994
Don Chaney,DET,1994
Don Nelson,GSW,1994
Rudy Tomjanovich,HOU,1994
Larry Brown,IND,1994
Bob Weiss,LAC,1994
Randy Pfund,LAL,1994
Bill Bertka,LAL,1994
Magic Johnson,LAL,1994
Kevin Loughery,MIA,1994
Mike Dunleavy,MIL,1994
Sidney Lowe,MIN,1994
Chuck Daly,NJN,1994
Pat Riley,NYK,1994
Brian Hill,ORL,1994
Fred Carter,PHI,1994
Paul Westphal,PHO,1994
Rick Adelman,POR,1994
Garry St. Jean,SAC,1994
John Lucas,SAS,1994
George Karl,SEA,1994
Jerry Sloan,UTA,1994
Wes Unseld,WSB,1994
Bob Weiss,ATL,1993
Chris Ford,BOS,1993
Allan Bristow,CHH,1993
Phil Jackson,CHI,1993
Lenny Wilkens,CLE,1993
Richie Adubato,DAL,1993
Gar Heard,DAL,1993
Dan Issel,DEN,1993
Ron Rothstein,DET,1993
Don Nelson,GSW,1993
Rudy Tomjanovich,HOU,1993
Bob Hill,IND,1993
Larry Brown,LAC,1993
Randy Pfund,LAL,1993
Kevin Loughery,MIA,1993
Mike Dunleavy,MIL,1993
Jimmy Rodgers,MIN,1993
Sidney Lowe,MIN,1993
Chuck Daly,NJN,1993
Pat Riley,NYK,1993
Matt Guokas,ORL,1993
Doug Moe,PHI,1993
Fred Carter,PHI,1993
Paul Westphal,PHO,1993
Rick Adelman,POR,1993
Garry St. Jean,SAC,1993
Jerry Tarkanian,SAS,1993
Rex Hughes,SAS,1993
John Lucas,SAS,1993
George Karl,SEA,1993
Jerry Sloan,UTA,1993
Wes Unseld,WSB,1993
Bob Weiss,ATL,1992
Chris Ford,BOS,1992
Allan Bristow,CHH,1992
Phil Jackson,CHI,1992
Lenny Wilkens,CLE,1992
Richie Adubato,DAL,1992
Paul Westhead,DEN,1992
Chuck Daly,DET,1992
Don Nelson,GSW,1992
Don Chaney,HOU,1992
Rudy Tomjanovich,HOU,1992
Bob Hill,IND,1992
Mike Schuler,LAC,1992
Mack Calvin,LAC,1992
Larry Brown,LAC,1992
Mike Dunleavy,LAL,1992
Kevin Loughery,MIA,1992
Del Harris,MIL,1992
Frank Hamblen,MIL,1992
Jimmy Rodgers,MIN,1992
Bill Fitch,NJN,1992
Pat Riley,NYK,1992
Matt Guokas,ORL,1992
Jim Lynam,PHI,1992
Cotton Fitzsimmons,PHO,1992
Rick Adelman,POR,1992
Dick Motta,SAC,1992
Rex Hughes,SAC,1992
Larry Brown,SAS,1992
Bob Bass,SAS,1992
K.C. Jones,SEA,1992
Bob Kloppenburg,SEA,1992
George Karl,SEA,1992
Jerry Sloan,UTA,1992
Wes Unseld,WSB,1992
Bob Weiss,ATL,1991
Chris Ford,BOS,1991
Gene Littles,CHH,1991
Phil Jackson,CHI,1991
Lenny Wilkens,CLE,1991
Richie Adubato,DAL,1991
Paul Westhead,DEN,1991
Chuck Daly,DET,1991
Don Nelson,GSW,1991
Don Chaney,HOU,1991
Dick Versace,IND,1991
Bob Hill,IND,1991
Mike Schuler,LAC,1991
Mike Dunleavy,LAL,1991
Ron Rothstein,MIA,1991
Del Harris,MIL,1991
Bill Musselman,MIN,1991
Bill Fitch,NJN,1991
Stu Jackson,NYK,1991
John MacLeod,NYK,1991
Matt Guokas,ORL,1991
Jim Lynam,PHI,1991
Cotton Fitzsimmons,PHO,1991
Rick Adelman,POR,1991
Dick Motta,SAC,1991
Larry Brown,SAS,1991
K.C. Jones,SEA,1991
Jerry Sloan,UTA,1991
Wes Unseld,WSB,1991
Mike Fratello,ATL,1990
Jimmy Rodgers,BOS,1990
Dick Harter,CHH,1990
Gene Littles,CHH,1990
Phil Jackson,CHI,1990
Lenny Wilkens,CLE,1990
John MacLeod,DAL,1990
Richie Adubato,DAL,1990
Doug Moe,DEN,1990
Chuck Daly,DET,1990
Don Nelson,GSW,1990
Don Chaney,HOU,1990
Dick Versace,IND,1990
Don Casey,LAC,1990
Pat Riley,LAL,1990
Ron Rothstein,MIA,1990
Del Harris,MIL,1990
Bill Musselman,MIN,1990
Bill Fitch,NJN,1990
Stu Jackson,NYK,1990
Matt Guokas,ORL,1990
Jim Lynam,PHI,1990
Cotton Fitzsimmons,PHO,1990
Rick Adelman,POR,1990
Jerry Reynolds,SAC,1990
Dick Motta,SAC,1990
Larry Brown,SAS,1990
Bernie Bickerstaff,SEA,1990
Jerry Sloan,UTA,1990
Wes Unseld,WSB,1990
Mike Fratello,ATL,1989
Jimmy Rodgers,BOS,1989
Dick Harter,CHH,1989
Doug Collins,CHI,1989
Lenny Wilkens,CLE,1989
John MacLeod,DAL,1989
Doug Moe,DEN,1989
Chuck Daly,DET,1989
Don Nelson,GSW,1989
Don Chaney,HOU,1989
Jack Ramsay,IND,1989
Mel Daniels,IND,1989
George Irvine,IND,1989
Dick Versace,IND,1989
Gene Shue,LAC,1989
Don Casey,LAC,1989
Pat Riley,LAL,1989
Ron Rothstein,MIA,1989
Del Harris,MIL,1989
Willis Reed,NJN,1989
Rick Pitino,NYK,1989
Jim Lynam,PHI,1989
Cotton Fitzsimmons,PHO,1989
Mike Schuler,POR,1989
Rick Adelman,POR,1989
Jerry Reynolds,SAC,1989
Larry Brown,SAS,1989
Bernie Bickerstaff,SEA,1989
Frank Layden,UTA,1989
Jerry Sloan,UTA,1989
Wes Unseld,WSB,1989
Mike Fratello,ATL,1988
K.C. Jones,BOS,1988
Doug Collins,CHI,1988
Lenny Wilkens,CLE,1988
John MacLeod,DAL,1988
Doug Moe,DEN,1988
Chuck Daly,DET,1988
George Karl,GSW,1988
Ed Gregory,GSW,1988
Bill Fitch,HOU,1988
Jack Ramsay,IND,1988
Gene Shue,LAC,1988
Pat Riley,LAL,1988
Del Harris,MIL,1988
Dave Wohl,NJN,1988
Bob MacKinnon,NJN,1988
Willis Reed,NJN,1988
Rick Pitino,NYK,1988
Matt Guokas,PHI,1988
Jim Lynam,PHI,1988
John Wetzel,PHO,1988
Mike Schuler,POR,1988
Bill Russell,SAC,1988
Jerry Reynolds,SAC,1988
Bob Weiss,SAS,1988
Bernie Bickerstaff,SEA,1988
Frank Layden,UTA,1988
Kevin Loughery,WSB,1988
Wes Unseld,WSB,1988
Mike Fratello,ATL,1987
K.C. Jones,BOS,1987
Doug Collins,CHI,1987
Lenny Wilkens,CLE,1987
Dick Motta,DAL,1987
Doug Moe,DEN,1987
Chuck Daly,DET,1987
George Karl,GSW,1987
Bill Fitch,HOU,1987
Jack Ramsay,IND,1987
Don Chaney,LAC,1987
Pat Riley,LAL,1987
Don Nelson,MIL,1987
Dave Wohl,NJN,1987
Hubie Brown,NYK,1987
Bob Hill,NYK,1987
Matt Guokas,PHI,1987
John MacLeod,PHO,1987
Dick Van Arsdale,PHO,1987
Mike Schuler,POR,1987
Phil Johnson,SAC,1987
Jerry Reynolds,SAC,1987
Bob Weiss,SAS,1987
Bernie Bickerstaff,SEA,1987
Frank Layden,UTA,1987
Kevin Loughery,WSB,1987
Mike Fratello,ATL,1986
K.C. Jones,BOS,1986
Stan Albeck,CHI,1986
George Karl,CLE,1986
Gene Littles,CLE,1986
Dick Motta,DAL,1986
Doug Moe,DEN,1986
Chuck Daly,DET,1986
Johnny Bach,GSW,1986
Bill Fitch,HOU,1986
George Irvine,IND,1986
Don Chaney,LAC,1986
Pat Riley,LAL,1986
Don Nelson,MIL,1986
Dave Wohl,NJN,1986
Hubie Brown,NYK,1986
Matt Guokas,PHI,1986
John MacLeod,PHO,1986
Jack Ramsay,POR,1986
Phil Johnson,SAC,1986
Cotton Fitzsimmons,SAS,1986
Bernie Bickerstaff,SEA,1986
Frank Layden,UTA,1986
Gene Shue,WSB,1986
Kevin Loughery,WSB,1986
Mike Fratello,ATL,1985
K.C. Jones,BOS,1985
Kevin Loughery,CHI,1985
George Karl,CLE,1985
Dick Motta,DAL,1985
Doug Moe,DEN,1985
Chuck Daly,DET,1985
Johnny Bach,GSW,1985
Bill Fitch,HOU,1985
George Irvine,IND,1985
Jack McKinney,KCK,1985
Phil Johnson,KCK,1985
Jim Lynam,LAC,1985
Don Chaney,LAC,1985
Pat Riley,LAL,1985
Don Nelson,MIL,1985
Stan Albeck,NJN,1985
Hubie Brown,NYK,1985
Billy Cunningham,PHI,1985
John MacLeod,PHO,1985
Jack Ramsay,POR,1985
Cotton Fitzsimmons,SAS,1985
Lenny Wilkens,SEA,1985
Frank Layden,UTA,1985
Gene Shue,WSB,1985
Mike Fratello,ATL,1984
K.C. Jones,BOS,1984
Kevin Loughery,CHI,1984
Tom Nissalke,CLE,1984
Dick Motta,DAL,1984
Doug Moe,DEN,1984
Chuck Daly,DET,1984
Johnny Bach,GSW,1984
Bill Fitch,HOU,1984
Jack McKinney,IND,1984
Cotton Fitzsimmons,KCK,1984
Pat Riley,LAL,1984
Don Nelson,MIL,1984
Stan Albeck,NJN,1984
Hubie Brown,NYK,1984
Billy Cunningham,PHI,1984
John MacLeod,PHO,1984
Jack Ramsay,POR,1984
Morris McHone,SAS,1984
Bob Bass,SAS,1984
Jim Lynam,SDC,1984
Lenny Wilkens,SEA,1984
Frank Layden,UTA,1984
Gene Shue,WSB,1984
Kevin Loughery,ATL,1983
Bill Fitch,BOS,1983
Paul Westhead,CHI,1983
Tom Nissalke,CLE,1983
Dick Motta,DAL,1983
Doug Moe,DEN,1983
Scotty Robertson,DET,1983
Al Attles,GSW,1983
Del Harris,HOU,1983
Jack McKinney,IND,1983
Cotton Fitzsimmons,KCK,1983
Pat Riley,LAL,1983
Don Nelson,MIL,1983
Larry Brown,NJN,1983
Bill Blair,NJN,1983
Hubie Brown,NYK,1983
Billy Cunningham,PHI,1983
John MacLeod,PHO,1983
Jack Ramsay,POR,1983
Stan Albeck,SAS,1983
Paul Silas,SDC,1983
Lenny Wilkens,SEA,1983
Frank Layden,UTA,1983
Gene Shue,WSB,1983
Kevin Loughery,ATL,1982
Bill Fitch,BOS,1982
Jerry Sloan,CHI,1982
Phil Johnson,CHI,1982
Rod Thorn,CHI,1982
Don Delaney,CLE,1982
Bob Kloppenburg,CLE,1982
Chuck Daly,CLE,1982
Bill Musselman,CLE,1982
Dick Motta,DAL,1982
Doug Moe,DEN,1982
Scotty Robertson,DET,1982
Al Attles,GSW,1982
Del Harris,HOU,1982
Jack McKinney,IND,1982
Cotton Fitzsimmons,KCK,1982
Paul Westhead,LAL,1982
Pat Riley,LAL,1982
Don Nelson,MIL,1982
Larry Brown,NJN,1982
Red Holzman,NYK,1982
Billy Cunningham,PHI,1982
John MacLeod,PHO,1982
Jack Ramsay,POR,1982
Stan Albeck,SAS,1982
Paul Silas,SDC,1982
Lenny Wilkens,SEA,1982
Tom Nissalke,UTA,1982
Frank Layden,UTA,1982
Gene Shue,WSB,1982
Hubie Brown,ATL,1981
Mike Fratello,ATL,1981
Bill Fitch,BOS,1981
Jerry Sloan,CHI,1981
Bill Musselman,CLE,1981
Don Delaney,CLE,1981
Dick Motta,DAL,1981
Donnie Walsh,DEN,1981
Doug Moe,DEN,1981
Scotty Robertson,DET,1981
Al Attles,GSW,1981
Del Harris,HOU,1981
Jack McKinney,IND,1981
Cotton Fitzsimmons,KCK,1981
Paul Westhead,LAL,1981
Don Nelson,MIL,1981
Kevin Loughery,NJN,1981
Bob MacKinnon,NJN,1981
Red Holzman,NYK,1981
Billy Cunningham,PHI,1981
John MacLeod,PHO,1981
Jack Ramsay,POR,1981
Stan Albeck,SAS,1981
Paul Silas,SDC,1981
Lenny Wilkens,SEA,1981
Tom Nissalke,UTA,1981
Gene Shue,WSB,1981
Hubie Brown,ATL,1980
Bill Fitch,BOS,1980
Jerry Sloan,CHI,1980
Stan Albeck,CLE,1980
Donnie Walsh,DEN,1980
Dick Vitale,DET,1980
Richie Adubato,DET,1980
Al Attles,GSW,1980
Johnny Bach,GSW,1980
Del Harris,HOU,1980
Slick Leonard,IND,1980
Cotton Fitzsimmons,KCK,1980
Jack McKinney,LAL,1980
Paul Westhead,LAL,1980
Don Nelson,MIL,1980
Kevin Loughery,NJN,1980
Red Holzman,NYK,1980
Billy Cunningham,PHI,1980
John MacLeod,PHO,1980
Jack Ramsay,POR,1980
Doug Moe,SAS,1980
Bob Bass,SAS,1980
Gene Shue,SDC,1980
Lenny Wilkens,SEA,1980
Tom Nissalke,UTA,1980
Dick Motta,WSB,1980
Hubie Brown,ATL,1979
Tom Sanders,BOS,1979
Dave Cowens,BOS,1979
Larry Costello,CHI,1979
Scotty Robertson,CHI,1979
Bill Fitch,CLE,1979
Larry Brown,DEN,1979
Donnie Walsh,DEN,1979
Dick Vitale,DET,1979
Al Attles,GSW,1979
Tom Nissalke,HOU,1979
Slick Leonard,IND,1979
Cotton Fitzsimmons,KCK,1979
Jerry West,LAL,1979
Don Nelson,MIL,1979
Kevin Loughery,NJN,1979
Elgin Baylor,NOJ,1979
Willis Reed,NYK,1979
Red Holzman,NYK,1979
Billy Cunningham,PHI,1979
John MacLeod,PHO,1979
Jack Ramsay,POR,1979
Doug Moe,SAS,1979
Gene Shue,SDC,1979
Lenny Wilkens,SEA,1979
Dick Motta,WSB,1979
Hubie Brown,ATL,1978
Tom Heinsohn,BOS,1978
Tom Sanders,BOS,1978
Cotton Fitzsimmons,BUF,1978
Ed Badger,CHI,1978
Bill Fitch,CLE,1978
Larry Brown,DEN,1978
Herb Brown,DET,1978
Bob Kauffman,DET,1978
Al Attles,GSW,1978
Tom Nissalke,HOU,1978
Slick Leonard,IND,1978
Phil Johnson,KCK,1978
Larry Staverman,KCK,1978
Jerry West,LAL,1978
Don Nelson,MIL,1978
Kevin Loughery,NJN,1978
Elgin Baylor,NOJ,1978
Willis Reed,NYK,1978
Gene Shue,PHI,1978
Billy Cunningham,PHI,1978
John MacLeod,PHO,1978
Jack Ramsay,POR,1978
Doug Moe,SAS,1978
Bob Hopkins,SEA,1978
Lenny Wilkens,SEA,1978
Dick Motta,WSB,1978
Hubie Brown,ATL,1977
Tom Heinsohn,BOS,1977
Tates Locke,BUF,1977
Bob MacKinnon,BUF,1977
Joe Mullaney,BUF,1977
Ed Badger,CHI,1977
Bill Fitch,CLE,1977
Larry Brown,DEN,1977
Herb Brown,DET,1977
Al Attles,GSW,1977
Tom Nissalke,HOU,1977
Slick Leonard,IND,1977
Phil Johnson,KCK,1977
Jerry West,LAL,1977
Larry Costello,MIL,1977
Don Nelson,MIL,1977
Butch van Breda Kolff,NOJ,1977
Elgin Baylor,NOJ,1977
Red Holzman,NYK,1977
Kevin Loughery,NYN,1977
Gene Shue,PHI,1977
John MacLeod,PHO,1977
Jack Ramsay,POR,1977
Doug Moe,SAS,1977
Bill Russell,SEA,1977
Dick Motta,WSB,1977
Cotton Fitzsimmons,ATL,1976
Gene Tormohlen,ATL,1976
Tom Heinsohn,BOS,1976
Jack Ramsay,BUF,1976
Dick Motta,CHI,1976
Bill Fitch,CLE,1976
Ray Scott,DET,1976
Herb Brown,DET,1976
Al Attles,GSW,1976
Johnny Egan,HOU,1976
Phil Johnson,KCK,1976
Bill Sharman,LAL,1976
Larry Costello,MIL,1976
Butch van Breda Kolff,NOJ,1976
Red Holzman,NYK,1976
Gene Shue,PHI,1976
John MacLeod,PHO,1976
Lenny Wilkens,POR,1976
Bill Russell,SEA,1976
K.C. Jones,WSB,1976
Cotton Fitzsimmons,ATL,1975
Tom Heinsohn,BOS,1975
Jack Ramsay,BUF,1975
Dick Motta,CHI,1975
Bill Fitch,CLE,1975
Ray Scott,DET,1975
Al Attles,GSW,1975
Johnny Egan,HOU,1975
Phil Johnson,KCO,1975
Bill Sharman,LAL,1975
Larry Costello,MIL,1975
Scotty Robertson,NOJ,1975
Elgin Baylor,NOJ,1975
Butch van Breda Kolff,NOJ,1975
Red Holzman,NYK,1975
Gene Shue,PHI,1975
John MacLeod,PHO,1975
Lenny Wilkens,POR,1975
Bill Russell,SEA,1975
K.C. Jones,WSB,1975
Cotton Fitzsimmons,ATL,1974
Tom Heinsohn,BOS,1974
Jack Ramsay,BUF,1974
K.C. Jones,CAP,1974
Dick Motta,CHI,1974
Bill Fitch,CLE,1974
Ray Scott,DET,1974
Al Attles,GSW,1974
Johnny Egan,HOU,1974
Bob Cousy,KCO,1974
Draff Young,KCO,1974
Phil Johnson,KCO,1974
Bill Sharman,LAL,1974
Larry Costello,MIL,1974
Red Holzman,NYK,1974
Gene Shue,PHI,1974
John MacLeod,PHO,1974
Jack McCloskey,POR,1974
Bill Russell,SEA,1974
Cotton Fitzsimmons,ATL,1973
Gene Shue,BAL,1973
Tom Heinsohn,BOS,1973
Jack Ramsay,BUF,1973
Dick Motta,CHI,1973
Bill Fitch,CLE,1973
Earl Lloyd,DET,1973
Ray Scott,DET,1973
Al Attles,GSW,1973
Tex Winter,HOU,1973
Johnny Egan,HOU,1973
Bob Cousy,KCO,1973
Bill Sharman,LAL,1973
Larry Costello,MIL,1973
Red Holzman,NYK,1973
Roy Rubin,PHI,1973
Kevin Loughery,PHI,1973
Butch van Breda Kolff,PHO,1973
Jerry Colangelo,PHO,1973
Jack McCloskey,POR,1973
Tom Nissalke,SEA,1973
Bucky Buckwalter,SEA,1973
Richie Guerin,ATL,1972
Gene Shue,BAL,1972
Tom Heinsohn,BOS,1972
Dolph Schayes,BUF,1972
Johnny McCarthy,BUF,1972
Dick Motta,CHI,1972
Bob Cousy,CIN,1972
Bill Fitch,CLE,1972
Butch van Breda Kolff,DET,1972
Terry Dischinger,DET,1972
Earl Lloyd,DET,1972
Al Attles,GSW,1972
Tex Winter,HOU,1972
Bill Sharman,LAL,1972
Larry Costello,MIL,1972
Red Holzman,NYK,1972
Jack Ramsay,PHI,1972
Cotton Fitzsimmons,PHO,1972
Rolland Todd,POR,1972
Stu Inman,POR,1972
Lenny Wilkens,SEA,1972
Richie Guerin,ATL,1971
Gene Shue,BAL,1971
Tom Heinsohn,BOS,1971
Dolph Schayes,BUF,1971
Dick Motta,CHI,1971
Bob Cousy,CIN,1971
Bill Fitch,CLE,1971
Butch van Breda Kolff,DET,1971
Joe Mullaney,LAL,1971
Larry Costello,MIL,1971
Red Holzman,NYK,1971
Jack Ramsay,PHI,1971
Cotton Fitzsimmons,PHO,1971
Rolland Todd,POR,1971
Alex Hannum,SDR,1971
Lenny Wilkens,SEA,1971
Al Attles,SFW,1971
Richie Guerin,ATL,1970
Gene Shue,BAL,1970
Tom Heinsohn,BOS,1970
Dick Motta,CHI,1970
Bob Cousy,CIN,1970
Butch van Breda Kolff,DET,1970
Joe Mullaney,LAL,1970
Larry Costello,MIL,1970
Red Holzman,NYK,1970
Jack Ramsay,PHI,1970
Red Kerr,PHO,1970
Jerry Colangelo,PHO,1970
Jack McMahon,SDR,1970
Alex Hannum,SDR,1970
Lenny Wilkens,SEA,1970
George Lee,SFW,1970
Al Attles,SFW,1970
Richie Guerin,ATL,1969
Gene Shue,BAL,1969
Bill Russell,BOS,1969
Dick Motta,CHI,1969
Ed Jucker,CIN,1969
Donnie Butcher,DET,1969
Paul Seymour,DET,1969
Butch van Breda Kolff,LAL,1969
Larry Costello,MIL,1969
Red Holzman,NYK,1969
Jack Ramsay,PHI,1969
Red Kerr,PHO,1969
Jack McMahon,SDR,1969
Al Bianchi,SEA,1969
George Lee,SFW,1969
Gene Shue,BAL,1968
Bill Russell,BOS,1968
Red Kerr,CHI,1968
Ed Jucker,CIN,1968
Donnie Butcher,DET,1968
Butch van Breda Kolff,LAL,1968
Dick McGuire,NYK,1968
Red Holzman,NYK,1968
Alex Hannum,PHI,1968
Jack McMahon,SDR,1968
Al Bianchi,SEA,1968
Bill Sharman,SFW,1968
Richie Guerin,STL,1968
Mike Farmer,BAL,1967
Buddy Jeannette,BAL,1967
Gene Shue,BAL,1967
Bill Russell,BOS,1967
Red Kerr,CHI,1967
Jack McMahon,CIN,1967
Dave DeBusschere,DET,1967
Donnie Butcher,DET,1967
Fred Schaus,LAL,1967
Dick McGuire,NYK,1967
Alex Hannum,PHI,1967
Bill Sharman,SFW,1967
Richie Guerin,STL,1967
Paul Seymour,BAL,1966
Red Auerbach,BOS,1966
Jack McMahon,CIN,1966
Dave DeBusschere,DET,1966
Fred Schaus,LAL,1966
Harry Gallatin,NYK,1966
Dick McGuire,NYK,1966
Dolph Schayes,PHI,1966
Alex Hannum,SFW,1966
Richie Guerin,STL,1966
Buddy Jeannette,BAL,1965
Red Auerbach,BOS,1965
Jack McMahon,CIN,1965
Charles Wolf,DET,1965
Dave DeBusschere,DET,1965
Fred Schaus,LAL,1965
Eddie Donovan,NYK,1965
Harry Gallatin,NYK,1965
Dolph Schayes,PHI,1965
Alex Hannum,SFW,1965
Harry Gallatin,STL,1965
Richie Guerin,STL,1965
Slick Leonard,BAL,1964
Red Auerbach,BOS,1964
Jack McMahon,CIN,1964
Charles Wolf,DET,1964
Fred Schaus,LAL,1964
Eddie Donovan,NYK,1964
Dolph Schayes,PHI,1964
Alex Hannum,SFW,1964
Harry Gallatin,STL,1964
Red Auerbach,BOS,1963
Jack McMahon,CHZ,1963
Slick Leonard,CHZ,1963
Charles Wolf,CIN,1963
Dick McGuire,DET,1963
Fred Schaus,LAL,1963
Eddie Donovan,NYK,1963
Bob Feerick,SFW,1963
Harry Gallatin,STL,1963
Alex Hannum,SYR,1963
Red Auerbach,BOS,1962
Jim Pollard,CHP,1962
Charles Wolf,CIN,1962
Dick McGuire,DET,1962
Fred Schaus,LAL,1962
Eddie Donovan,NYK,1962
Frank McGuire,PHW,1962
Paul Seymour,STL,1962
Andrew Levane,STL,1962
Bob Pettit,STL,1962
Alex Hannum,SYR,1962
Red Auerbach,BOS,1961
Charles Wolf,CIN,1961
Dick McGuire,DET,1961
Fred Schaus,LAL,1961
Carl Braun,NYK,1961
Neil Johnston,PHW,1961
Paul Seymour,STL,1961
Alex Hannum,SYR,1961
Red Auerbach,BOS,1960
Tom Marshall,CIN,1960
Red Rocha,DET,1960
Dick McGuire,DET,1960
John Castellani,MNL,1960
Jim Pollard,MNL,1960
Andrew Levane,NYK,1960
Carl Braun,NYK,1960
Neil Johnston,PHW,1960
Ed Macauley,STL,1960
Paul Seymour,SYR,1960
Red Auerbach,BOS,1959
Bobby Wanzer,CIN,1959
Tom Marshall,CIN,1959
Red Rocha,DET,1959
John Kundla,MNL,1959
Andrew Levane,NYK,1959
Al Cervi,PHW,1959
Andy Phillip,STL,1959
Ed Macauley,STL,1959
Paul Seymour,SYR,1959
Red Auerbach,BOS,1958
Bobby Wanzer,CIN,1958
Charles Eckman,DET,1958
Red Rocha,DET,1958
George Mikan,MNL,1958
John Kundla,MNL,1958
Vince Boryla,NYK,1958
George Senesky,PHW,1958
Alex Hannum,STL,1958
Paul Seymour,SYR,1958
Red Auerbach,BOS,1957
Charles Eckman,FTW,1957
John Kundla,MNL,1957
Vince Boryla,NYK,1957
George Senesky,PHW,1957
Bobby Wanzer,ROC,1957
Red Holzman,STL,1957
Slater Martin,STL,1957
Alex Hannum,STL,1957
Al Cervi,SYR,1957
Paul Seymour,SYR,1957
Red Auerbach,BOS,1956
Charles Eckman,FTW,1956
John Kundla,MNL,1956
Joe Lapchick,NYK,1956
Vince Boryla,NYK,1956
George Senesky,PHW,1956
Bobby Wanzer,ROC,1956
Red Holzman,STL,1956
Al Cervi,SYR,1956
Red Auerbach,BOS,1955
Charles Eckman,FTW,1955
Red Holzman,MLH,1955
John Kundla,MNL,1955
Joe Lapchick,NYK,1955
Edward Gottlieb,PHW,1955
Les Harrison,ROC,1955
Al Cervi,SYR,1955
Clair Bee,BLB,1954
Red Auerbach,BOS,1954
Paul Birch,FTW,1954
Andrew Levane,MLH,1954
Red Holzman,MLH,1954
John Kundla,MNL,1954
Joe Lapchick,NYK,1954
Edward Gottlieb,PHW,1954
Les Harrison,ROC,1954
Al Cervi,SYR,1954
Chick Reiser,BLB,1953
Clair Bee,BLB,1953
Red Auerbach,BOS,1953
Paul Birch,FTW,1953
Herm Schaefer,INO,1953
Andrew Levane,MLH,1953
John Kundla,MNL,1953
Joe Lapchick,NYK,1953
Edward Gottlieb,PHW,1953
Les Harrison,ROC,1953
Al Cervi,SYR,1953
Fred Scolari,BLB,1952
Chick Reiser,BLB,1952
Red Auerbach,BOS,1952
Paul Birch,FTW,1952
Herm Schaefer,INO,1952
Doxie Moore,MLH,1952
John Kundla,MNL,1952
Joe Lapchick,NYK,1952
Edward Gottlieb,PHW,1952
Les Harrison,ROC,1952
Al Cervi,SYR,1952
Buddy Jeannette,BLB,1951
Walt Budko,BLB,1951
Red Auerbach,BOS,1951
Murray Mendenhall,FTW,1951
Cliff Barker,INO,1951
Wah Wah Jones,INO,1951
John Kundla,MNL,1951
Joe Lapchick,NYK,1951
Edward Gottlieb,PHW,1951
Les Harrison,ROC,1951
Al Cervi,SYR,1951
Dave McMillan,TRI,1951
John Logan,TRI,1951
Mike Todorovich,TRI,1951
Bones McKinney,WSC,1951
Howie Schultz,AND,1950
Ike Duffey,AND,1950
Doxie Moore,AND,1950
Buddy Jeannette,BLB,1950
Alvin Julian,BOS,1950
Philip Brownstein,CHS,1950
Jimmy Darden,DNN,1950
Murray Mendenhall,FTW,1950
Cliff Barker,INO,1950
John Kundla,MNL,1950
Joe Lapchick,NYK,1950
Edward Gottlieb,PHW,1950
Les Harrison,ROC,1950
Ken Suesens,SHE,1950
Grady Lewis,STB,1950
Al Cervi,SYR,1950
Roger Potter,TRI,1950
Red Auerbach,TRI,1950
Charley Shipp,WAT,1950
Jack Smiley,WAT,1950
Bob Feerick,WSC,1950
