coach,tm,seas,birth_year,player_id
Lloyd Pierce,ATL,2021,1976,NA
Nate McMillan,ATL,2021,1964,2329
Brad Stevens,BOS,2021,1976,NA
Steve Nash,BRK,2021,1974,3028
Billy Donovan,CHI,2021,1965,2346
James Borrego,CHO,2021,1977,NA
J.B. Bickerstaff,CLE,2021,1979,NA
Rick Carlisle,DAL,2021,1959,2200
Michael Malone,DEN,2021,1971,NA
Dwane Casey,DET,2021,1957,NA
Steve Kerr,GSW,2021,1965,2467
Stephen Silas,HOU,2021,NA,NA
Nate Bjorkgren,IND,2021,1975,NA
Tyronn Lue,LAC,2021,1977,3164
Frank Vogel,LAL,2021,1973,NA
Taylor Jenkins,MEM,2021,1984,NA
Erik Spoelstra,MIA,2021,1970,NA
Mike Budenholzer,MIL,2021,1969,NA
Ryan Saunders,MIN,2021,1986,NA
Chris Finch,MIN,2021,1969,NA
Stan Van Gundy,NOP,2021,1959,NA
Tom Thibodeau,NYK,2021,1958,NA
Mark Daigneault,OKC,2021,1985,NA
Steve Clifford,ORL,2021,1961,NA
Doc Rivers,PHI,2021,1961,2118
Monty Williams,PHO,2021,1971,2880
Terry Stotts,POR,2021,1957,NA
Luke Walton,SAC,2021,1980,3466
Gregg Popovich,SAS,2021,1949,NA
Nick Nurse,TOR,2021,1967,NA
Quin Snyder,UTA,2021,1966,NA
Scott Brooks,WAS,2021,1965,2465
Lloyd Pierce,ATL,2020,1976,NA
Brad Stevens,BOS,2020,1976,NA
Kenny Atkinson,BRK,2020,1967,NA
Jacque Vaughn,BRK,2020,1975,3063
Jim Boylen,CHI,2020,1965,NA
James Borrego,CHO,2020,1977,NA
John Beilein,CLE,2020,1953,NA
J.B. Bickerstaff,CLE,2020,1979,NA
Rick Carlisle,DAL,2020,1959,2200
Michael Malone,DEN,2020,1971,NA
Dwane Casey,DET,2020,1957,NA
Steve Kerr,GSW,2020,1965,2467
Mike D'Antoni,HOU,2020,1951,1527
Nate McMillan,IND,2020,1964,2329
Doc Rivers,LAC,2020,1961,2118
Frank Vogel,LAL,2020,1973,NA
Taylor Jenkins,MEM,2020,1984,NA
Erik Spoelstra,MIA,2020,1970,NA
Mike Budenholzer,MIL,2020,1969,NA
Ryan Saunders,MIN,2020,1986,NA
Alvin Gentry,NOP,2020,1954,NA
David Fizdale,NYK,2020,1974,NA
Mike Miller,NYK,2020,1964,3276
Billy Donovan,OKC,2020,1965,2346
Steve Clifford,ORL,2020,1961,NA
Brett Brown,PHI,2020,1961,NA
Monty Williams,PHO,2020,1971,2880
Terry Stotts,POR,2020,1957,NA
Luke Walton,SAC,2020,1980,3466
Gregg Popovich,SAS,2020,1949,NA
Nick Nurse,TOR,2020,1967,NA
Quin Snyder,UTA,2020,1966,NA
Scott Brooks,WAS,2020,1965,2465
Lloyd Pierce,ATL,2019,1976,NA
Brad Stevens,BOS,2019,1976,NA
Kenny Atkinson,BRK,2019,1967,NA
Fred Hoiberg,CHI,2019,1972,2922
Jim Boylen,CHI,2019,1965,NA
James Borrego,CHO,2019,1977,NA
Tyronn Lue,CLE,2019,1977,3164
Larry Drew,CLE,2019,1958,1941
Rick Carlisle,DAL,2019,1959,2200
Michael Malone,DEN,2019,1971,NA
Dwane Casey,DET,2019,1957,NA
Steve Kerr,GSW,2019,1965,2467
Mike D'Antoni,HOU,2019,1951,1527
Nate McMillan,IND,2019,1964,2329
Doc Rivers,LAC,2019,1961,2118
Luke Walton,LAL,2019,1980,3466
J.B. Bickerstaff,MEM,2019,1979,NA
Erik Spoelstra,MIA,2019,1970,NA
Mike Budenholzer,MIL,2019,1969,NA
Tom Thibodeau,MIN,2019,1958,NA
Ryan Saunders,MIN,2019,1986,NA
Alvin Gentry,NOP,2019,1954,NA
David Fizdale,NYK,2019,1974,NA
Billy Donovan,OKC,2019,1965,2346
Steve Clifford,ORL,2019,1961,NA
Brett Brown,PHI,2019,1961,NA
Igor Kokoskov,PHO,2019,1971,NA
Terry Stotts,POR,2019,1957,NA
Dave Joerger,SAC,2019,1974,NA
Gregg Popovich,SAS,2019,1949,NA
Nick Nurse,TOR,2019,1967,NA
Quin Snyder,UTA,2019,1966,NA
Scott Brooks,WAS,2019,1965,2465
Mike Budenholzer,ATL,2018,1969,NA
Brad Stevens,BOS,2018,1976,NA
Kenny Atkinson,BRK,2018,1967,NA
Fred Hoiberg,CHI,2018,1972,2922
Steve Clifford,CHO,2018,1961,NA
Tyronn Lue,CLE,2018,1977,3164
Rick Carlisle,DAL,2018,1959,2200
Michael Malone,DEN,2018,1971,NA
Stan Van Gundy,DET,2018,1959,NA
Steve Kerr,GSW,2018,1965,2467
Mike D'Antoni,HOU,2018,1951,1527
Nate McMillan,IND,2018,1964,2329
Doc Rivers,LAC,2018,1961,2118
Luke Walton,LAL,2018,1980,3466
David Fizdale,MEM,2018,1974,NA
J.B. Bickerstaff,MEM,2018,1979,NA
Erik Spoelstra,MIA,2018,1970,NA
Jason Kidd,MIL,2018,1973,2870
Joe Prunty,MIL,2018,1969,NA
Tom Thibodeau,MIN,2018,1958,NA
Alvin Gentry,NOP,2018,1954,NA
Jeff Hornacek,NYK,2018,1963,2309
Billy Donovan,OKC,2018,1965,2346
Frank Vogel,ORL,2018,1973,NA
Brett Brown,PHI,2018,1961,NA
Earl Watson,PHO,2018,1979,3311
Jay Triano,PHO,2018,1958,NA
Terry Stotts,POR,2018,1957,NA
Dave Joerger,SAC,2018,1974,NA
Gregg Popovich,SAS,2018,1949,NA
Dwane Casey,TOR,2018,1957,NA
Quin Snyder,UTA,2018,1966,NA
Scott Brooks,WAS,2018,1965,2465
Mike Budenholzer,ATL,2017,1969,NA
Brad Stevens,BOS,2017,1976,NA
Kenny Atkinson,BRK,2017,1967,NA
Fred Hoiberg,CHI,2017,1972,2922
Steve Clifford,CHO,2017,1961,NA
Tyronn Lue,CLE,2017,1977,3164
Rick Carlisle,DAL,2017,1959,2200
Michael Malone,DEN,2017,1971,NA
Stan Van Gundy,DET,2017,1959,NA
Steve Kerr,GSW,2017,1965,2467
Mike D'Antoni,HOU,2017,1951,1527
Nate McMillan,IND,2017,1964,2329
Doc Rivers,LAC,2017,1961,2118
Luke Walton,LAL,2017,1980,3466
David Fizdale,MEM,2017,1974,NA
Erik Spoelstra,MIA,2017,1970,NA
Jason Kidd,MIL,2017,1973,2870
Tom Thibodeau,MIN,2017,1958,NA
Alvin Gentry,NOP,2017,1954,NA
Jeff Hornacek,NYK,2017,1963,2309
Billy Donovan,OKC,2017,1965,2346
Frank Vogel,ORL,2017,1973,NA
Brett Brown,PHI,2017,1961,NA
Earl Watson,PHO,2017,1979,3311
Terry Stotts,POR,2017,1957,NA
Dave Joerger,SAC,2017,1974,NA
Gregg Popovich,SAS,2017,1949,NA
Dwane Casey,TOR,2017,1957,NA
Quin Snyder,UTA,2017,1966,NA
Scott Brooks,WAS,2017,1965,2465
Mike Budenholzer,ATL,2016,1969,NA
Brad Stevens,BOS,2016,1976,NA
Lionel Hollins,BRK,2016,1953,1670
Tony Brown,BRK,2016,1960,2213
Fred Hoiberg,CHI,2016,1972,2922
Steve Clifford,CHO,2016,1961,NA
David Blatt,CLE,2016,1959,NA
Tyronn Lue,CLE,2016,1977,3164
Rick Carlisle,DAL,2016,1959,2200
Michael Malone,DEN,2016,1971,NA
Stan Van Gundy,DET,2016,1959,NA
Steve Kerr,GSW,2016,1965,2467
Kevin McHale,HOU,2016,1957,1938
J.B. Bickerstaff,HOU,2016,1979,NA
Frank Vogel,IND,2016,1973,NA
Doc Rivers,LAC,2016,1961,2118
Byron Scott,LAL,2016,1961,2107
Dave Joerger,MEM,2016,1974,NA
Erik Spoelstra,MIA,2016,1970,NA
Jason Kidd,MIL,2016,1973,2870
Sam Mitchell,MIN,2016,1963,2539
Alvin Gentry,NOP,2016,1954,NA
Derek Fisher,NYK,2016,1974,2979
Kurt Rambis,NYK,2016,1958,2017
Billy Donovan,OKC,2016,1965,2346
Scott Skiles,ORL,2016,1964,2338
Brett Brown,PHI,2016,1961,NA
Jeff Hornacek,PHO,2016,1963,2309
Earl Watson,PHO,2016,1979,3311
Terry Stotts,POR,2016,1957,NA
George Karl,SAC,2016,1951,1505
Gregg Popovich,SAS,2016,1949,NA
Dwane Casey,TOR,2016,1957,NA
Quin Snyder,UTA,2016,1966,NA
Randy Wittman,WAS,2016,1959,2144
Mike Budenholzer,ATL,2015,1969,NA
Brad Stevens,BOS,2015,1976,NA
Lionel Hollins,BRK,2015,1953,1670
Tom Thibodeau,CHI,2015,1958,NA
Steve Clifford,CHO,2015,1961,NA
David Blatt,CLE,2015,1959,NA
Rick Carlisle,DAL,2015,1959,2200
Brian Shaw,DEN,2015,1966,2410
Melvin Hunt,DEN,2015,1969,NA
Stan Van Gundy,DET,2015,1959,NA
Steve Kerr,GSW,2015,1965,2467
Kevin McHale,HOU,2015,1957,1938
Frank Vogel,IND,2015,1973,NA
Doc Rivers,LAC,2015,1961,2118
Byron Scott,LAL,2015,1961,2107
Dave Joerger,MEM,2015,1974,NA
Erik Spoelstra,MIA,2015,1970,NA
Jason Kidd,MIL,2015,1973,2870
Flip Saunders,MIN,2015,1955,NA
Monty Williams,NOP,2015,1971,2880
Derek Fisher,NYK,2015,1974,2979
Scott Brooks,OKC,2015,1965,2465
Jacque Vaughn,ORL,2015,1975,3063
James Borrego,ORL,2015,1977,NA
Brett Brown,PHI,2015,1961,NA
Jeff Hornacek,PHO,2015,1963,2309
Terry Stotts,POR,2015,1957,NA
Michael Malone,SAC,2015,1971,NA
Tyrone Corbin,SAC,2015,1962,2274
George Karl,SAC,2015,1951,1505
Gregg Popovich,SAS,2015,1949,NA
Dwane Casey,TOR,2015,1957,NA
Quin Snyder,UTA,2015,1966,NA
Randy Wittman,WAS,2015,1959,2144
Mike Budenholzer,ATL,2014,1969,NA
Brad Stevens,BOS,2014,1976,NA
Jason Kidd,BRK,2014,1973,2870
Steve Clifford,CHA,2014,1961,NA
Tom Thibodeau,CHI,2014,1958,NA
Mike Brown,CLE,2014,1970,2327
Rick Carlisle,DAL,2014,1959,2200
Brian Shaw,DEN,2014,1966,2410
Maurice Cheeks,DET,2014,1956,1822
John Loyer,DET,2014,1964,NA
Mark Jackson,GSW,2014,1965,2373
Kevin McHale,HOU,2014,1957,1938
Frank Vogel,IND,2014,1973,NA
Doc Rivers,LAC,2014,1961,2118
Mike D'Antoni,LAL,2014,1951,1527
Dave Joerger,MEM,2014,1974,NA
Erik Spoelstra,MIA,2014,1970,NA
Larry Drew,MIL,2014,1958,1941
Rick Adelman,MIN,2014,1946,1139
Monty Williams,NOP,2014,1971,2880
Mike Woodson,NYK,2014,1958,1954
Scott Brooks,OKC,2014,1965,2465
Jacque Vaughn,ORL,2014,1975,3063
Brett Brown,PHI,2014,1961,NA
Jeff Hornacek,PHO,2014,1963,2309
Terry Stotts,POR,2014,1957,NA
Michael Malone,SAC,2014,1971,NA
Gregg Popovich,SAS,2014,1949,NA
Dwane Casey,TOR,2014,1957,NA
Tyrone Corbin,UTA,2014,1962,2274
Randy Wittman,WAS,2014,1959,2144
Larry Drew,ATL,2013,1958,1941
Doc Rivers,BOS,2013,1961,2118
Avery Johnson,BRK,2013,1965,2406
P.J. Carlesimo,BRK,2013,1949,NA
Mike Dunlap,CHA,2013,1957,NA
Tom Thibodeau,CHI,2013,1958,NA
Byron Scott,CLE,2013,1961,2107
Rick Carlisle,DAL,2013,1959,2200
George Karl,DEN,2013,1951,1505
Lawrence Frank,DET,2013,1970,NA
Mark Jackson,GSW,2013,1965,2373
Kevin McHale,HOU,2013,1957,1938
Frank Vogel,IND,2013,1973,NA
Vinny Del Negro,LAC,2013,1966,2475
Mike Brown,LAL,2013,1970,2327
Bernie Bickerstaff,LAL,2013,1944,NA
Mike D'Antoni,LAL,2013,1951,1527
Lionel Hollins,MEM,2013,1953,1670
Erik Spoelstra,MIA,2013,1970,NA
Scott Skiles,MIL,2013,1964,2338
Jim Boylan,MIL,2013,1955,NA
Rick Adelman,MIN,2013,1946,1139
Monty Williams,NOH,2013,1971,2880
Mike Woodson,NYK,2013,1958,1954
Scott Brooks,OKC,2013,1965,2465
Jacque Vaughn,ORL,2013,1975,3063
Doug Collins,PHI,2013,1951,1499
Alvin Gentry,PHO,2013,1954,NA
Lindsey Hunter,PHO,2013,1970,2806
Terry Stotts,POR,2013,1957,NA
Keith Smart,SAC,2013,1964,2440
Gregg Popovich,SAS,2013,1949,NA
Dwane Casey,TOR,2013,1957,NA
Tyrone Corbin,UTA,2013,1962,2274
Randy Wittman,WAS,2013,1959,2144
Larry Drew,ATL,2012,1958,1941
Doc Rivers,BOS,2012,1961,2118
Paul Silas,CHA,2012,1943,834
Tom Thibodeau,CHI,2012,1958,NA
Byron Scott,CLE,2012,1961,2107
Rick Carlisle,DAL,2012,1959,2200
George Karl,DEN,2012,1951,1505
Lawrence Frank,DET,2012,1970,NA
Mark Jackson,GSW,2012,1965,2373
Kevin McHale,HOU,2012,1957,1938
Frank Vogel,IND,2012,1973,NA
Vinny Del Negro,LAC,2012,1966,2475
Mike Brown,LAL,2012,1970,2327
Lionel Hollins,MEM,2012,1953,1670
Erik Spoelstra,MIA,2012,1970,NA
Scott Skiles,MIL,2012,1964,2338
Rick Adelman,MIN,2012,1946,1139
Avery Johnson,NJN,2012,1965,2406
Monty Williams,NOH,2012,1971,2880
Mike D'Antoni,NYK,2012,1951,1527
Mike Woodson,NYK,2012,1958,1954
Scott Brooks,OKC,2012,1965,2465
Stan Van Gundy,ORL,2012,1959,NA
Doug Collins,PHI,2012,1951,1499
Alvin Gentry,PHO,2012,1954,NA
Nate McMillan,POR,2012,1964,2329
Kaleb Canales,POR,2012,1978,NA
Paul Westphal,SAC,2012,1950,1469
Keith Smart,SAC,2012,1964,2440
Gregg Popovich,SAS,2012,1949,NA
Dwane Casey,TOR,2012,1957,NA
Tyrone Corbin,UTA,2012,1962,2274
Flip Saunders,WAS,2012,1955,NA
Randy Wittman,WAS,2012,1959,2144
Larry Drew,ATL,2011,1958,1941
Doc Rivers,BOS,2011,1961,2118
Larry Brown,CHA,2011,1940,998
Paul Silas,CHA,2011,1943,834
Tom Thibodeau,CHI,2011,1958,NA
Byron Scott,CLE,2011,1961,2107
Rick Carlisle,DAL,2011,1959,2200
George Karl,DEN,2011,1951,1505
John Kuester,DET,2011,1955,1760
Keith Smart,GSW,2011,1964,2440
Rick Adelman,HOU,2011,1946,1139
Jim O'Brien,IND,2011,1952,1510
Frank Vogel,IND,2011,1973,NA
Vinny Del Negro,LAC,2011,1966,2475
Phil Jackson,LAL,2011,1945,1021
Lionel Hollins,MEM,2011,1953,1670
Erik Spoelstra,MIA,2011,1970,NA
Scott Skiles,MIL,2011,1964,2338
Kurt Rambis,MIN,2011,1958,2017
Avery Johnson,NJN,2011,1965,2406
Monty Williams,NOH,2011,1971,2880
Mike D'Antoni,NYK,2011,1951,1527
Scott Brooks,OKC,2011,1965,2465
Stan Van Gundy,ORL,2011,1959,NA
Doug Collins,PHI,2011,1951,1499
Alvin Gentry,PHO,2011,1954,NA
Nate McMillan,POR,2011,1964,2329
Paul Westphal,SAC,2011,1950,1469
Gregg Popovich,SAS,2011,1949,NA
Jay Triano,TOR,2011,1958,NA
Jerry Sloan,UTA,2011,1942,849
Tyrone Corbin,UTA,2011,1962,2274
Flip Saunders,WAS,2011,1955,NA
Mike Woodson,ATL,2010,1958,1954
Doc Rivers,BOS,2010,1961,2118
Larry Brown,CHA,2010,1940,998
Vinny Del Negro,CHI,2010,1966,2475
Mike Brown,CLE,2010,1970,2327
Rick Carlisle,DAL,2010,1959,2200
George Karl,DEN,2010,1951,1505
John Kuester,DET,2010,1955,1760
Don Nelson,GSW,2010,1940,770
Rick Adelman,HOU,2010,1946,1139
Jim O'Brien,IND,2010,1952,1510
Mike Dunleavy,LAC,2010,1954,1713
Kim Hughes,LAC,2010,1952,1667
Phil Jackson,LAL,2010,1945,1021
Lionel Hollins,MEM,2010,1953,1670
Erik Spoelstra,MIA,2010,1970,NA
Scott Skiles,MIL,2010,1964,2338
Kurt Rambis,MIN,2010,1958,2017
Lawrence Frank,NJN,2010,1970,NA
Tom Barrise,NJN,2010,1954,NA
Kiki Vandeweghe,NJN,2010,1958,1939
Byron Scott,NOH,2010,1961,2107
Jeff Bower,NOH,2010,1961,NA
Mike D'Antoni,NYK,2010,1951,1527
Scott Brooks,OKC,2010,1965,2465
Stan Van Gundy,ORL,2010,1959,NA
Eddie Jordan,PHI,2010,1955,1748
Alvin Gentry,PHO,2010,1954,NA
Nate McMillan,POR,2010,1964,2329
Paul Westphal,SAC,2010,1950,1469
Gregg Popovich,SAS,2010,1949,NA
Jay Triano,TOR,2010,1958,NA
Jerry Sloan,UTA,2010,1942,849
Flip Saunders,WAS,2010,1955,NA
Mike Woodson,ATL,2009,1958,1954
Doc Rivers,BOS,2009,1961,2118
Larry Brown,CHA,2009,1940,998
Vinny Del Negro,CHI,2009,1966,2475
Mike Brown,CLE,2009,1970,2327
Rick Carlisle,DAL,2009,1959,2200
George Karl,DEN,2009,1951,1505
Michael Curry,DET,2009,1968,2811
Don Nelson,GSW,2009,1940,770
Rick Adelman,HOU,2009,1946,1139
Jim O'Brien,IND,2009,1952,1510
Mike Dunleavy,LAC,2009,1954,1713
Phil Jackson,LAL,2009,1945,1021
Marc Iavaroni,MEM,2009,1956,2080
Johnny Davis,MEM,2009,1955,1706
Lionel Hollins,MEM,2009,1953,1670
Erik Spoelstra,MIA,2009,1970,NA
Scott Skiles,MIL,2009,1964,2338
Randy Wittman,MIN,2009,1959,2144
Kevin McHale,MIN,2009,1957,1938
Lawrence Frank,NJN,2009,1970,NA
Byron Scott,NOH,2009,1961,2107
Mike D'Antoni,NYK,2009,1951,1527
P.J. Carlesimo,OKC,2009,1949,NA
Scott Brooks,OKC,2009,1965,2465
Stan Van Gundy,ORL,2009,1959,NA
Maurice Cheeks,PHI,2009,1956,1822
Tony DiLeo,PHI,2009,1955,NA
Terry Porter,PHO,2009,1963,2273
Alvin Gentry,PHO,2009,1954,NA
Nate McMillan,POR,2009,1964,2329
Reggie Theus,SAC,2009,1957,1832
Kenny Natt,SAC,2009,1958,1937
Gregg Popovich,SAS,2009,1949,NA
Sam Mitchell,TOR,2009,1963,2539
Jay Triano,TOR,2009,1958,NA
Jerry Sloan,UTA,2009,1942,849
Eddie Jordan,WAS,2009,1955,1748
Ed Tapscott,WAS,2009,1953,NA
Mike Woodson,ATL,2008,1958,1954
Doc Rivers,BOS,2008,1961,2118
Sam Vincent,CHA,2008,1963,2268
Scott Skiles,CHI,2008,1964,2338
Pete Myers,CHI,2008,1963,2333
Jim Boylan,CHI,2008,1955,NA
Mike Brown,CLE,2008,1970,2327
Avery Johnson,DAL,2008,1965,2406
George Karl,DEN,2008,1951,1505
Flip Saunders,DET,2008,1955,NA
Don Nelson,GSW,2008,1940,770
Rick Adelman,HOU,2008,1946,1139
Jim O'Brien,IND,2008,1952,1510
Mike Dunleavy,LAC,2008,1954,1713
Phil Jackson,LAL,2008,1945,1021
Marc Iavaroni,MEM,2008,1956,2080
Pat Riley,MIA,2008,1945,1018
Larry Krystkowiak,MIL,2008,1964,2322
Randy Wittman,MIN,2008,1959,2144
Lawrence Frank,NJN,2008,1970,NA
Byron Scott,NOH,2008,1961,2107
Isiah Thomas,NYK,2008,1961,2003
Stan Van Gundy,ORL,2008,1959,NA
Maurice Cheeks,PHI,2008,1956,1822
Mike D'Antoni,PHO,2008,1951,1527
Nate McMillan,POR,2008,1964,2329
Reggie Theus,SAC,2008,1957,1832
Gregg Popovich,SAS,2008,1949,NA
P.J. Carlesimo,SEA,2008,1949,NA
Sam Mitchell,TOR,2008,1963,2539
Jerry Sloan,UTA,2008,1942,849
Eddie Jordan,WAS,2008,1955,1748
Mike Woodson,ATL,2007,1958,1954
Doc Rivers,BOS,2007,1961,2118
Bernie Bickerstaff,CHA,2007,1944,NA
Scott Skiles,CHI,2007,1964,2338
Mike Brown,CLE,2007,1970,2327
Avery Johnson,DAL,2007,1965,2406
George Karl,DEN,2007,1951,1505
Flip Saunders,DET,2007,1955,NA
Don Nelson,GSW,2007,1940,770
Jeff Van Gundy,HOU,2007,1962,NA
Rick Carlisle,IND,2007,1959,2200
Mike Dunleavy,LAC,2007,1954,1713
Phil Jackson,LAL,2007,1945,1021
Mike Fratello,MEM,2007,1947,NA
Tony Barone,MEM,2007,1946,NA
Pat Riley,MIA,2007,1945,1018
Terry Stotts,MIL,2007,1957,NA
Larry Krystkowiak,MIL,2007,1964,2322
Dwane Casey,MIN,2007,1957,NA
Randy Wittman,MIN,2007,1959,2144
Lawrence Frank,NJN,2007,1970,NA
Byron Scott,NOK,2007,1961,2107
Isiah Thomas,NYK,2007,1961,2003
Brian Hill,ORL,2007,1947,NA
Maurice Cheeks,PHI,2007,1956,1822
Mike D'Antoni,PHO,2007,1951,1527
Nate McMillan,POR,2007,1964,2329
Eric Musselman,SAC,2007,1964,NA
Gregg Popovich,SAS,2007,1949,NA
Bob Hill,SEA,2007,1948,NA
Sam Mitchell,TOR,2007,1963,2539
Jerry Sloan,UTA,2007,1942,849
Eddie Jordan,WAS,2007,1955,1748
Mike Woodson,ATL,2006,1958,1954
Doc Rivers,BOS,2006,1961,2118
Bernie Bickerstaff,CHA,2006,1944,NA
Scott Skiles,CHI,2006,1964,2338
Mike Brown,CLE,2006,1970,2327
Avery Johnson,DAL,2006,1965,2406
George Karl,DEN,2006,1951,1505
Flip Saunders,DET,2006,1955,NA
Mike Montgomery,GSW,2006,1947,NA
Jeff Van Gundy,HOU,2006,1962,NA
Rick Carlisle,IND,2006,1959,2200
Mike Dunleavy,LAC,2006,1954,1713
Phil Jackson,LAL,2006,1945,1021
Mike Fratello,MEM,2006,1947,NA
Stan Van Gundy,MIA,2006,1959,NA
Pat Riley,MIA,2006,1945,1018
Terry Stotts,MIL,2006,1957,NA
Dwane Casey,MIN,2006,1957,NA
Lawrence Frank,NJN,2006,1970,NA
Byron Scott,NOK,2006,1961,2107
Larry Brown,NYK,2006,1940,998
Brian Hill,ORL,2006,1947,NA
Maurice Cheeks,PHI,2006,1956,1822
Mike D'Antoni,PHO,2006,1951,1527
Nate McMillan,POR,2006,1964,2329
Rick Adelman,SAC,2006,1946,1139
Gregg Popovich,SAS,2006,1949,NA
Bob Weiss,SEA,2006,1942,844
Bob Hill,SEA,2006,1948,NA
Sam Mitchell,TOR,2006,1963,2539
Jerry Sloan,UTA,2006,1942,849
Eddie Jordan,WAS,2006,1955,1748
Mike Woodson,ATL,2005,1958,1954
Doc Rivers,BOS,2005,1961,2118
Bernie Bickerstaff,CHA,2005,1944,NA
Scott Skiles,CHI,2005,1964,2338
Paul Silas,CLE,2005,1943,834
Brendan Malone,CLE,2005,1942,NA
Don Nelson,DAL,2005,1940,770
Avery Johnson,DAL,2005,1965,2406
Jeff Bzdelik,DEN,2005,1952,NA
Michael Cooper,DEN,2005,1956,1823
George Karl,DEN,2005,1951,1505
Larry Brown,DET,2005,1940,998
Mike Montgomery,GSW,2005,1947,NA
Jeff Van Gundy,HOU,2005,1962,NA
Rick Carlisle,IND,2005,1959,2200
Mike Dunleavy,LAC,2005,1954,1713
Rudy Tomjanovich,LAL,2005,1948,1323
Frank Hamblen,LAL,2005,1947,NA
Hubie Brown,MEM,2005,1933,NA
Lionel Hollins,MEM,2005,1953,1670
Mike Fratello,MEM,2005,1947,NA
Stan Van Gundy,MIA,2005,1959,NA
Terry Porter,MIL,2005,1963,2273
Flip Saunders,MIN,2005,1955,NA
Kevin McHale,MIN,2005,1957,1938
Lawrence Frank,NJN,2005,1970,NA
Byron Scott,NOH,2005,1961,2107
Lenny Wilkens,NYK,2005,1937,712
Herb Williams,NYK,2005,1958,2001
Johnny Davis,ORL,2005,1955,1706
Chris Jent,ORL,2005,1970,2778
Jim O'Brien,PHI,2005,1952,1510
Mike D'Antoni,PHO,2005,1951,1527
Maurice Cheeks,POR,2005,1956,1822
Kevin Pritchard,POR,2005,1967,2601
Rick Adelman,SAC,2005,1946,1139
Gregg Popovich,SAS,2005,1949,NA
Nate McMillan,SEA,2005,1964,2329
Sam Mitchell,TOR,2005,1963,2539
Jerry Sloan,UTA,2005,1942,849
Eddie Jordan,WAS,2005,1955,1748
Terry Stotts,ATL,2004,1957,NA
Jim O'Brien,BOS,2004,1952,1510
John Carroll,BOS,2004,1955,NA
Bill Cartwright,CHI,2004,1957,1849
Pete Myers,CHI,2004,1963,2333
Scott Skiles,CHI,2004,1964,2338
Paul Silas,CLE,2004,1943,834
Don Nelson,DAL,2004,1940,770
Jeff Bzdelik,DEN,2004,1952,NA
Larry Brown,DET,2004,1940,998
Eric Musselman,GSW,2004,1964,NA
Jeff Van Gundy,HOU,2004,1962,NA
Rick Carlisle,IND,2004,1959,2200
Mike Dunleavy,LAC,2004,1954,1713
Phil Jackson,LAL,2004,1945,1021
Hubie Brown,MEM,2004,1933,NA
Stan Van Gundy,MIA,2004,1959,NA
Terry Porter,MIL,2004,1963,2273
Flip Saunders,MIN,2004,1955,NA
Byron Scott,NJN,2004,1961,2107
Lawrence Frank,NJN,2004,1970,NA
Tim Floyd,NOH,2004,1954,NA
Don Chaney,NYK,2004,1946,1092
Herb Williams,NYK,2004,1958,2001
Lenny Wilkens,NYK,2004,1937,712
Doc Rivers,ORL,2004,1961,2118
Johnny Davis,ORL,2004,1955,1706
Randy Ayers,PHI,2004,1956,NA
Chris Ford,PHI,2004,1949,1431
Frank Johnson,PHO,2004,1958,1995
Mike D'Antoni,PHO,2004,1951,1527
Maurice Cheeks,POR,2004,1956,1822
Rick Adelman,SAC,2004,1946,1139
Gregg Popovich,SAS,2004,1949,NA
Nate McMillan,SEA,2004,1964,2329
Kevin O'Neill,TOR,2004,1957,NA
Jerry Sloan,UTA,2004,1942,849
Eddie Jordan,WAS,2004,1955,1748
Lon Kruger,ATL,2003,1952,NA
Terry Stotts,ATL,2003,1957,NA
Jim O'Brien,BOS,2003,1952,1510
Bill Cartwright,CHI,2003,1957,1849
John Lucas,CLE,2003,1953,1705
Keith Smart,CLE,2003,1964,2440
Don Nelson,DAL,2003,1940,770
Jeff Bzdelik,DEN,2003,1952,NA
Rick Carlisle,DET,2003,1959,2200
Eric Musselman,GSW,2003,1964,NA
Rudy Tomjanovich,HOU,2003,1948,1323
Isiah Thomas,IND,2003,1961,2003
Alvin Gentry,LAC,2003,1954,NA
Dennis Johnson,LAC,2003,1954,1701
Phil Jackson,LAL,2003,1945,1021
Sidney Lowe,MEM,2003,1960,2152
Hubie Brown,MEM,2003,1933,NA
Pat Riley,MIA,2003,1945,1018
George Karl,MIL,2003,1951,1505
Flip Saunders,MIN,2003,1955,NA
Byron Scott,NJN,2003,1961,2107
Paul Silas,NOH,2003,1943,834
Don Chaney,NYK,2003,1946,1092
Doc Rivers,ORL,2003,1961,2118
Larry Brown,PHI,2003,1940,998
Frank Johnson,PHO,2003,1958,1995
Maurice Cheeks,POR,2003,1956,1822
Rick Adelman,SAC,2003,1946,1139
Gregg Popovich,SAS,2003,1949,NA
Nate McMillan,SEA,2003,1964,2329
Lenny Wilkens,TOR,2003,1937,712
Jerry Sloan,UTA,2003,1942,849
Doug Collins,WAS,2003,1951,1499
Lon Kruger,ATL,2002,1952,NA
Jim O'Brien,BOS,2002,1952,1510
Paul Silas,CHH,2002,1943,834
Tim Floyd,CHI,2002,1954,NA
Bill Berry,CHI,2002,NA,NA
Bill Cartwright,CHI,2002,1957,1849
John Lucas,CLE,2002,1953,1705
Don Nelson,DAL,2002,1940,770
Dan Issel,DEN,2002,1948,1259
Mike Evans,DEN,2002,1955,1880
Rick Carlisle,DET,2002,1959,2200
Dave Cowens,GSW,2002,1948,1260
Brian Winters,GSW,2002,1952,1561
Rudy Tomjanovich,HOU,2002,1948,1323
Isiah Thomas,IND,2002,1961,2003
Alvin Gentry,LAC,2002,1954,NA
Phil Jackson,LAL,2002,1945,1021
Sidney Lowe,MEM,2002,1960,2152
Pat Riley,MIA,2002,1945,1018
George Karl,MIL,2002,1951,1505
Flip Saunders,MIN,2002,1955,NA
Byron Scott,NJN,2002,1961,2107
Jeff Van Gundy,NYK,2002,1962,NA
Don Chaney,NYK,2002,1946,1092
Doc Rivers,ORL,2002,1961,2118
Larry Brown,PHI,2002,1940,998
Scott Skiles,PHO,2002,1964,2338
Frank Johnson,PHO,2002,1958,1995
Maurice Cheeks,POR,2002,1956,1822
Rick Adelman,SAC,2002,1946,1139
Gregg Popovich,SAS,2002,1949,NA
Nate McMillan,SEA,2002,1964,2329
Lenny Wilkens,TOR,2002,1937,712
Jerry Sloan,UTA,2002,1942,849
Doug Collins,WAS,2002,1951,1499
Lon Kruger,ATL,2001,1952,NA
Rick Pitino,BOS,2001,1952,NA
Jim O'Brien,BOS,2001,1952,1510
Paul Silas,CHH,2001,1943,834
Tim Floyd,CHI,2001,1954,NA
Randy Wittman,CLE,2001,1959,2144
Don Nelson,DAL,2001,1940,770
Dan Issel,DEN,2001,1948,1259
George Irvine,DET,2001,1948,1277
Dave Cowens,GSW,2001,1948,1260
Rudy Tomjanovich,HOU,2001,1948,1323
Isiah Thomas,IND,2001,1961,2003
Alvin Gentry,LAC,2001,1954,NA
Phil Jackson,LAL,2001,1945,1021
Pat Riley,MIA,2001,1945,1018
George Karl,MIL,2001,1951,1505
Flip Saunders,MIN,2001,1955,NA
Byron Scott,NJN,2001,1961,2107
Jeff Van Gundy,NYK,2001,1962,NA
Doc Rivers,ORL,2001,1961,2118
Larry Brown,PHI,2001,1940,998
Scott Skiles,PHO,2001,1964,2338
Mike Dunleavy,POR,2001,1954,1713
Rick Adelman,SAC,2001,1946,1139
Gregg Popovich,SAS,2001,1949,NA
Paul Westphal,SEA,2001,1950,1469
Nate McMillan,SEA,2001,1964,2329
Lenny Wilkens,TOR,2001,1937,712
Jerry Sloan,UTA,2001,1942,849
Sidney Lowe,VAN,2001,1960,2152
Leonard Hamilton,WAS,2001,1948,NA
Lenny Wilkens,ATL,2000,1937,712
Rick Pitino,BOS,2000,1952,NA
Paul Silas,CHH,2000,1943,834
Tim Floyd,CHI,2000,1954,NA
Randy Wittman,CLE,2000,1959,2144
Don Nelson,DAL,2000,1940,770
Dan Issel,DEN,2000,1948,1259
Alvin Gentry,DET,2000,1954,NA
George Irvine,DET,2000,1948,1277
P.J. Carlesimo,GSW,2000,1949,NA
Garry St. Jean,GSW,2000,1950,NA
Rudy Tomjanovich,HOU,2000,1948,1323
Larry Bird,IND,2000,1956,1875
Chris Ford,LAC,2000,1949,1431
Jim Todd,LAC,2000,NA,NA
Phil Jackson,LAL,2000,1945,1021
Pat Riley,MIA,2000,1945,1018
George Karl,MIL,2000,1951,1505
Flip Saunders,MIN,2000,1955,NA
Don Casey,NJN,2000,1937,NA
Jeff Van Gundy,NYK,2000,1962,NA
Doc Rivers,ORL,2000,1961,2118
Larry Brown,PHI,2000,1940,998
Danny Ainge,PHO,2000,1959,1987
Scott Skiles,PHO,2000,1964,2338
Mike Dunleavy,POR,2000,1954,1713
Rick Adelman,SAC,2000,1946,1139
Gregg Popovich,SAS,2000,1949,NA
Paul Westphal,SEA,2000,1950,1469
Butch Carter,TOR,2000,1958,1906
Jerry Sloan,UTA,2000,1942,849
Brian Hill,VAN,2000,1947,NA
Lionel Hollins,VAN,2000,1953,1670
Gar Heard,WAS,2000,1948,1271
Darrell Walker,WAS,2000,1961,2115
Lenny Wilkens,ATL,1999,1937,712
Rick Pitino,BOS,1999,1952,NA
Dave Cowens,CHH,1999,1948,1260
Paul Silas,CHH,1999,1943,834
Tim Floyd,CHI,1999,1954,NA
Mike Fratello,CLE,1999,1947,NA
Don Nelson,DAL,1999,1940,770
Mike D'Antoni,DEN,1999,1951,1527
Alvin Gentry,DET,1999,1954,NA
P.J. Carlesimo,GSW,1999,1949,NA
Rudy Tomjanovich,HOU,1999,1948,1323
Larry Bird,IND,1999,1956,1875
Chris Ford,LAC,1999,1949,1431
Del Harris,LAL,1999,1937,NA
Bill Bertka,LAL,1999,1927,NA
Kurt Rambis,LAL,1999,1958,2017
Pat Riley,MIA,1999,1945,1018
George Karl,MIL,1999,1951,1505
Flip Saunders,MIN,1999,1955,NA
John Calipari,NJN,1999,1959,NA
Don Casey,NJN,1999,1937,NA
Jeff Van Gundy,NYK,1999,1962,NA
Chuck Daly,ORL,1999,1930,NA
Larry Brown,PHI,1999,1940,998
Danny Ainge,PHO,1999,1959,1987
Mike Dunleavy,POR,1999,1954,1713
Rick Adelman,SAC,1999,1946,1139
Gregg Popovich,SAS,1999,1949,NA
Paul Westphal,SEA,1999,1950,1469
Butch Carter,TOR,1999,1958,1906
Jerry Sloan,UTA,1999,1942,849
Brian Hill,VAN,1999,1947,NA
Bernie Bickerstaff,WAS,1999,1944,NA
Jim Brovelli,WAS,1999,1942,NA
Lenny Wilkens,ATL,1998,1937,712
Rick Pitino,BOS,1998,1952,NA
Dave Cowens,CHH,1998,1948,1260
Phil Jackson,CHI,1998,1945,1021
Mike Fratello,CLE,1998,1947,NA
Jim Cleamons,DAL,1998,1949,1374
Don Nelson,DAL,1998,1940,770
Bill Hanzlik,DEN,1998,1957,1901
Doug Collins,DET,1998,1951,1499
Alvin Gentry,DET,1998,1954,NA
P.J. Carlesimo,GSW,1998,1949,NA
Rudy Tomjanovich,HOU,1998,1948,1323
Larry Bird,IND,1998,1956,1875
Bill Fitch,LAC,1998,1934,NA
Del Harris,LAL,1998,1937,NA
Pat Riley,MIA,1998,1945,1018
Chris Ford,MIL,1998,1949,1431
Flip Saunders,MIN,1998,1955,NA
John Calipari,NJN,1998,1959,NA
Jeff Van Gundy,NYK,1998,1962,NA
Chuck Daly,ORL,1998,1930,NA
Larry Brown,PHI,1998,1940,998
Danny Ainge,PHO,1998,1959,1987
Mike Dunleavy,POR,1998,1954,1713
Eddie Jordan,SAC,1998,1955,1748
Gregg Popovich,SAS,1998,1949,NA
George Karl,SEA,1998,1951,1505
Darrell Walker,TOR,1998,1961,2115
Butch Carter,TOR,1998,1958,1906
Jerry Sloan,UTA,1998,1942,849
Brian Hill,VAN,1998,1947,NA
Bernie Bickerstaff,WAS,1998,1944,NA
Lenny Wilkens,ATL,1997,1937,712
M.L. Carr,BOS,1997,1951,1671
Dave Cowens,CHH,1997,1948,1260
Phil Jackson,CHI,1997,1945,1021
Mike Fratello,CLE,1997,1947,NA
Jim Cleamons,DAL,1997,1949,1374
Bernie Bickerstaff,DEN,1997,1944,NA
Dick Motta,DEN,1997,1931,NA
Doug Collins,DET,1997,1951,1499
Rick Adelman,GSW,1997,1946,1139
Rudy Tomjanovich,HOU,1997,1948,1323
Larry Brown,IND,1997,1940,998
Bill Fitch,LAC,1997,1934,NA
Del Harris,LAL,1997,1937,NA
Pat Riley,MIA,1997,1945,1018
Chris Ford,MIL,1997,1949,1431
Flip Saunders,MIN,1997,1955,NA
John Calipari,NJN,1997,1959,NA
Jeff Van Gundy,NYK,1997,1962,NA
Brian Hill,ORL,1997,1947,NA
Richie Adubato,ORL,1997,1937,NA
Johnny Davis,PHI,1997,1955,1706
Cotton Fitzsimmons,PHO,1997,1931,NA
Danny Ainge,PHO,1997,1959,1987
P.J. Carlesimo,POR,1997,1949,NA
Garry St. Jean,SAC,1997,1950,NA
Eddie Jordan,SAC,1997,1955,1748
Bob Hill,SAS,1997,1948,NA
Gregg Popovich,SAS,1997,1949,NA
George Karl,SEA,1997,1951,1505
Darrell Walker,TOR,1997,1961,2115
Jerry Sloan,UTA,1997,1942,849
Brian Winters,VAN,1997,1952,1561
Stu Jackson,VAN,1997,1955,NA
Jim Lynam,WSB,1997,1941,NA
Bob Staak,WSB,1997,1947,NA
Bernie Bickerstaff,WSB,1997,1944,NA
Lenny Wilkens,ATL,1996,1937,712
M.L. Carr,BOS,1996,1951,1671
Allan Bristow,CHH,1996,1951,1485
Phil Jackson,CHI,1996,1945,1021
Mike Fratello,CLE,1996,1947,NA
Dick Motta,DAL,1996,1931,NA
Bernie Bickerstaff,DEN,1996,1944,NA
Doug Collins,DET,1996,1951,1499
Rick Adelman,GSW,1996,1946,1139
Rudy Tomjanovich,HOU,1996,1948,1323
Larry Brown,IND,1996,1940,998
Bill Fitch,LAC,1996,1934,NA
Del Harris,LAL,1996,1937,NA
Pat Riley,MIA,1996,1945,1018
Mike Dunleavy,MIL,1996,1954,1713
Bill Blair,MIN,1996,1942,NA
Flip Saunders,MIN,1996,1955,NA
Butch Beard,NJN,1996,1947,1175
Don Nelson,NYK,1996,1940,770
Jeff Van Gundy,NYK,1996,1962,NA
Brian Hill,ORL,1996,1947,NA
John Lucas,PHI,1996,1953,1705
Paul Westphal,PHO,1996,1950,1469
Cotton Fitzsimmons,PHO,1996,1931,NA
P.J. Carlesimo,POR,1996,1949,NA
Garry St. Jean,SAC,1996,1950,NA
Bob Hill,SAS,1996,1948,NA
George Karl,SEA,1996,1951,1505
Brendan Malone,TOR,1996,1942,NA
Jerry Sloan,UTA,1996,1942,849
Brian Winters,VAN,1996,1952,1561
Jim Lynam,WSB,1996,1941,NA
Lenny Wilkens,ATL,1995,1937,712
Chris Ford,BOS,1995,1949,1431
Allan Bristow,CHH,1995,1951,1485
Phil Jackson,CHI,1995,1945,1021
Mike Fratello,CLE,1995,1947,NA
Dick Motta,DAL,1995,1931,NA
Dan Issel,DEN,1995,1948,1259
Gene Littles,DEN,1995,1943,1185
Bernie Bickerstaff,DEN,1995,1944,NA
Don Chaney,DET,1995,1946,1092
Don Nelson,GSW,1995,1940,770
Bob Lanier,GSW,1995,1948,1244
Rudy Tomjanovich,HOU,1995,1948,1323
Larry Brown,IND,1995,1940,998
Bill Fitch,LAC,1995,1934,NA
Del Harris,LAL,1995,1937,NA
Kevin Loughery,MIA,1995,1940,781
Alvin Gentry,MIA,1995,1954,NA
Mike Dunleavy,MIL,1995,1954,1713
Bill Blair,MIN,1995,1942,NA
Butch Beard,NJN,1995,1947,1175
Pat Riley,NYK,1995,1945,1018
Brian Hill,ORL,1995,1947,NA
John Lucas,PHI,1995,1953,1705
Paul Westphal,PHO,1995,1950,1469
P.J. Carlesimo,POR,1995,1949,NA
Garry St. Jean,SAC,1995,1950,NA
Bob Hill,SAS,1995,1948,NA
George Karl,SEA,1995,1951,1505
Jerry Sloan,UTA,1995,1942,849
Jim Lynam,WSB,1995,1941,NA
Lenny Wilkens,ATL,1994,1937,712
Chris Ford,BOS,1994,1949,1431
Allan Bristow,CHH,1994,1951,1485
Phil Jackson,CHI,1994,1945,1021
Mike Fratello,CLE,1994,1947,NA
Quinn Buckner,DAL,1994,1954,1721
Dan Issel,DEN,1994,1948,1259
Don Chaney,DET,1994,1946,1092
Don Nelson,GSW,1994,1940,770
Rudy Tomjanovich,HOU,1994,1948,1323
Larry Brown,IND,1994,1940,998
Bob Weiss,LAC,1994,1942,844
Randy Pfund,LAL,1994,1951,NA
Bill Bertka,LAL,1994,1927,NA
Magic Johnson,LAL,1994,1959,1878
Kevin Loughery,MIA,1994,1940,781
Mike Dunleavy,MIL,1994,1954,1713
Sidney Lowe,MIN,1994,1960,2152
Chuck Daly,NJN,1994,1930,NA
Pat Riley,NYK,1994,1945,1018
Brian Hill,ORL,1994,1947,NA
Fred Carter,PHI,1994,1945,1184
Paul Westphal,PHO,1994,1950,1469
Rick Adelman,POR,1994,1946,1139
Garry St. Jean,SAC,1994,1950,NA
John Lucas,SAS,1994,1953,1705
George Karl,SEA,1994,1951,1505
Jerry Sloan,UTA,1994,1942,849
Wes Unseld,WSB,1994,1946,1155
Bob Weiss,ATL,1993,1942,844
Chris Ford,BOS,1993,1949,1431
Allan Bristow,CHH,1993,1951,1485
Phil Jackson,CHI,1993,1945,1021
Lenny Wilkens,CLE,1993,1937,712
Richie Adubato,DAL,1993,1937,NA
Gar Heard,DAL,1993,1948,1271
Dan Issel,DEN,1993,1948,1259
Ron Rothstein,DET,1993,1942,NA
Don Nelson,GSW,1993,1940,770
Rudy Tomjanovich,HOU,1993,1948,1323
Bob Hill,IND,1993,1948,NA
Larry Brown,LAC,1993,1940,998
Randy Pfund,LAL,1993,1951,NA
Kevin Loughery,MIA,1993,1940,781
Mike Dunleavy,MIL,1993,1954,1713
Jimmy Rodgers,MIN,1993,1943,NA
Sidney Lowe,MIN,1993,1960,2152
Chuck Daly,NJN,1993,1930,NA
Pat Riley,NYK,1993,1945,1018
Matt Guokas,ORL,1993,1944,888
Doug Moe,PHI,1993,1938,948
Fred Carter,PHI,1993,1945,1184
Paul Westphal,PHO,1993,1950,1469
Rick Adelman,POR,1993,1946,1139
Garry St. Jean,SAC,1993,1950,NA
Jerry Tarkanian,SAS,1993,1930,NA
Rex Hughes,SAS,1993,1938,NA
John Lucas,SAS,1993,1953,1705
George Karl,SEA,1993,1951,1505
Jerry Sloan,UTA,1993,1942,849
Wes Unseld,WSB,1993,1946,1155
Bob Weiss,ATL,1992,1942,844
Chris Ford,BOS,1992,1949,1431
Allan Bristow,CHH,1992,1951,1485
Phil Jackson,CHI,1992,1945,1021
Lenny Wilkens,CLE,1992,1937,712
Richie Adubato,DAL,1992,1937,NA
Paul Westhead,DEN,1992,1939,NA
Chuck Daly,DET,1992,1930,NA
Don Nelson,GSW,1992,1940,770
Don Chaney,HOU,1992,1946,1092
Rudy Tomjanovich,HOU,1992,1948,1323
Bob Hill,IND,1992,1948,NA
Mike Schuler,LAC,1992,1940,NA
Mack Calvin,LAC,1992,1947,1214
Larry Brown,LAC,1992,1940,998
Mike Dunleavy,LAL,1992,1954,1713
Kevin Loughery,MIA,1992,1940,781
Del Harris,MIL,1992,1937,NA
Frank Hamblen,MIL,1992,1947,NA
Jimmy Rodgers,MIN,1992,1943,NA
Bill Fitch,NJN,1992,1934,NA
Pat Riley,NYK,1992,1945,1018
Matt Guokas,ORL,1992,1944,888
Jim Lynam,PHI,1992,1941,NA
Cotton Fitzsimmons,PHO,1992,1931,NA
Rick Adelman,POR,1992,1946,1139
Dick Motta,SAC,1992,1931,NA
Rex Hughes,SAC,1992,1938,NA
Larry Brown,SAS,1992,1940,998
Bob Bass,SAS,1992,1929,NA
K.C. Jones,SEA,1992,1932,671
Bob Kloppenburg,SEA,1992,1927,NA
George Karl,SEA,1992,1951,1505
Jerry Sloan,UTA,1992,1942,849
Wes Unseld,WSB,1992,1946,1155
Bob Weiss,ATL,1991,1942,844
Chris Ford,BOS,1991,1949,1431
Gene Littles,CHH,1991,1943,1185
Phil Jackson,CHI,1991,1945,1021
Lenny Wilkens,CLE,1991,1937,712
Richie Adubato,DAL,1991,1937,NA
Paul Westhead,DEN,1991,1939,NA
Chuck Daly,DET,1991,1930,NA
Don Nelson,GSW,1991,1940,770
Don Chaney,HOU,1991,1946,1092
Dick Versace,IND,1991,1940,NA
Bob Hill,IND,1991,1948,NA
Mike Schuler,LAC,1991,1940,NA
Mike Dunleavy,LAL,1991,1954,1713
Ron Rothstein,MIA,1991,1942,NA
Del Harris,MIL,1991,1937,NA
Bill Musselman,MIN,1991,1940,NA
Bill Fitch,NJN,1991,1934,NA
Stu Jackson,NYK,1991,1955,NA
John MacLeod,NYK,1991,1937,NA
Matt Guokas,ORL,1991,1944,888
Jim Lynam,PHI,1991,1941,NA
Cotton Fitzsimmons,PHO,1991,1931,NA
Rick Adelman,POR,1991,1946,1139
Dick Motta,SAC,1991,1931,NA
Larry Brown,SAS,1991,1940,998
K.C. Jones,SEA,1991,1932,671
Jerry Sloan,UTA,1991,1942,849
Wes Unseld,WSB,1991,1946,1155
Mike Fratello,ATL,1990,1947,NA
Jimmy Rodgers,BOS,1990,1943,NA
Dick Harter,CHH,1990,1930,NA
Gene Littles,CHH,1990,1943,1185
Phil Jackson,CHI,1990,1945,1021
Lenny Wilkens,CLE,1990,1937,712
John MacLeod,DAL,1990,1937,NA
Richie Adubato,DAL,1990,1937,NA
Doug Moe,DEN,1990,1938,948
Chuck Daly,DET,1990,1930,NA
Don Nelson,GSW,1990,1940,770
Don Chaney,HOU,1990,1946,1092
Dick Versace,IND,1990,1940,NA
Don Casey,LAC,1990,1937,NA
Pat Riley,LAL,1990,1945,1018
Ron Rothstein,MIA,1990,1942,NA
Del Harris,MIL,1990,1937,NA
Bill Musselman,MIN,1990,1940,NA
Bill Fitch,NJN,1990,1934,NA
Stu Jackson,NYK,1990,1955,NA
Matt Guokas,ORL,1990,1944,888
Jim Lynam,PHI,1990,1941,NA
Cotton Fitzsimmons,PHO,1990,1931,NA
Rick Adelman,POR,1990,1946,1139
Jerry Reynolds,SAC,1990,1944,2247
Dick Motta,SAC,1990,1931,NA
Larry Brown,SAS,1990,1940,998
Bernie Bickerstaff,SEA,1990,1944,NA
Jerry Sloan,UTA,1990,1942,849
Wes Unseld,WSB,1990,1946,1155
Mike Fratello,ATL,1989,1947,NA
Jimmy Rodgers,BOS,1989,1943,NA
Dick Harter,CHH,1989,1930,NA
Doug Collins,CHI,1989,1951,1499
Lenny Wilkens,CLE,1989,1937,712
John MacLeod,DAL,1989,1937,NA
Doug Moe,DEN,1989,1938,948
Chuck Daly,DET,1989,1930,NA
Don Nelson,GSW,1989,1940,770
Don Chaney,HOU,1989,1946,1092
Jack Ramsay,IND,1989,1925,NA
Mel Daniels,IND,1989,1944,1013
George Irvine,IND,1989,1948,1277
Dick Versace,IND,1989,1940,NA
Gene Shue,LAC,1989,1931,563
Don Casey,LAC,1989,1937,NA
Pat Riley,LAL,1989,1945,1018
Ron Rothstein,MIA,1989,1942,NA
Del Harris,MIL,1989,1937,NA
Willis Reed,NJN,1989,1942,839
Rick Pitino,NYK,1989,1952,NA
Jim Lynam,PHI,1989,1941,NA
Cotton Fitzsimmons,PHO,1989,1931,NA
Mike Schuler,POR,1989,1940,NA
Rick Adelman,POR,1989,1946,1139
Jerry Reynolds,SAC,1989,1944,2247
Larry Brown,SAS,1989,1940,998
Bernie Bickerstaff,SEA,1989,1944,NA
Frank Layden,UTA,1989,1932,NA
Jerry Sloan,UTA,1989,1942,849
Wes Unseld,WSB,1989,1946,1155
Mike Fratello,ATL,1988,1947,NA
K.C. Jones,BOS,1988,1932,671
Doug Collins,CHI,1988,1951,1499
Lenny Wilkens,CLE,1988,1937,712
John MacLeod,DAL,1988,1937,NA
Doug Moe,DEN,1988,1938,948
Chuck Daly,DET,1988,1930,NA
George Karl,GSW,1988,1951,1505
Ed Gregory,GSW,1988,1931,NA
Bill Fitch,HOU,1988,1934,NA
Jack Ramsay,IND,1988,1925,NA
Gene Shue,LAC,1988,1931,563
Pat Riley,LAL,1988,1945,1018
Del Harris,MIL,1988,1937,NA
Dave Wohl,NJN,1988,1949,1354
Bob MacKinnon,NJN,1988,1927,NA
Willis Reed,NJN,1988,1942,839
Rick Pitino,NYK,1988,1952,NA
Matt Guokas,PHI,1988,1944,888
Jim Lynam,PHI,1988,1941,NA
John Wetzel,PHO,1988,1944,992
Mike Schuler,POR,1988,1940,NA
Bill Russell,SAC,1988,1934,610
Jerry Reynolds,SAC,1988,1944,2247
Bob Weiss,SAS,1988,1942,844
Bernie Bickerstaff,SEA,1988,1944,NA
Frank Layden,UTA,1988,1932,NA
Kevin Loughery,WSB,1988,1940,781
Wes Unseld,WSB,1988,1946,1155
Mike Fratello,ATL,1987,1947,NA
K.C. Jones,BOS,1987,1932,671
Doug Collins,CHI,1987,1951,1499
Lenny Wilkens,CLE,1987,1937,712
Dick Motta,DAL,1987,1931,NA
Doug Moe,DEN,1987,1938,948
Chuck Daly,DET,1987,1930,NA
George Karl,GSW,1987,1951,1505
Bill Fitch,HOU,1987,1934,NA
Jack Ramsay,IND,1987,1925,NA
Don Chaney,LAC,1987,1946,1092
Pat Riley,LAL,1987,1945,1018
Don Nelson,MIL,1987,1940,770
Dave Wohl,NJN,1987,1949,1354
Hubie Brown,NYK,1987,1933,NA
Bob Hill,NYK,1987,1948,NA
Matt Guokas,PHI,1987,1944,888
John MacLeod,PHO,1987,1937,NA
Dick Van Arsdale,PHO,1987,1943,846
Mike Schuler,POR,1987,1940,NA
Phil Johnson,SAC,1987,1941,NA
Jerry Reynolds,SAC,1987,1944,2247
Bob Weiss,SAS,1987,1942,844
Bernie Bickerstaff,SEA,1987,1944,NA
Frank Layden,UTA,1987,1932,NA
Kevin Loughery,WSB,1987,1940,781
Mike Fratello,ATL,1986,1947,NA
K.C. Jones,BOS,1986,1932,671
Stan Albeck,CHI,1986,1931,NA
George Karl,CLE,1986,1951,1505
Gene Littles,CLE,1986,1943,1185
Dick Motta,DAL,1986,1931,NA
Doug Moe,DEN,1986,1938,948
Chuck Daly,DET,1986,1930,NA
Johnny Bach,GSW,1986,1924,268
Bill Fitch,HOU,1986,1934,NA
George Irvine,IND,1986,1948,1277
Don Chaney,LAC,1986,1946,1092
Pat Riley,LAL,1986,1945,1018
Don Nelson,MIL,1986,1940,770
Dave Wohl,NJN,1986,1949,1354
Hubie Brown,NYK,1986,1933,NA
Matt Guokas,PHI,1986,1944,888
John MacLeod,PHO,1986,1937,NA
Jack Ramsay,POR,1986,1925,NA
Phil Johnson,SAC,1986,1941,NA
Cotton Fitzsimmons,SAS,1986,1931,NA
Bernie Bickerstaff,SEA,1986,1944,NA
Frank Layden,UTA,1986,1932,NA
Gene Shue,WSB,1986,1931,563
Kevin Loughery,WSB,1986,1940,781
Mike Fratello,ATL,1985,1947,NA
K.C. Jones,BOS,1985,1932,671
Kevin Loughery,CHI,1985,1940,781
George Karl,CLE,1985,1951,1505
Dick Motta,DAL,1985,1931,NA
Doug Moe,DEN,1985,1938,948
Chuck Daly,DET,1985,1930,NA
Johnny Bach,GSW,1985,1924,268
Bill Fitch,HOU,1985,1934,NA
George Irvine,IND,1985,1948,1277
Jack McKinney,KCK,1985,1935,NA
Phil Johnson,KCK,1985,1941,NA
Jim Lynam,LAC,1985,1941,NA
Don Chaney,LAC,1985,1946,1092
Pat Riley,LAL,1985,1945,1018
Don Nelson,MIL,1985,1940,770
Stan Albeck,NJN,1985,1931,NA
Hubie Brown,NYK,1985,1933,NA
Billy Cunningham,PHI,1985,1943,842
John MacLeod,PHO,1985,1937,NA
Jack Ramsay,POR,1985,1925,NA
Cotton Fitzsimmons,SAS,1985,1931,NA
Lenny Wilkens,SEA,1985,1937,712
Frank Layden,UTA,1985,1932,NA
Gene Shue,WSB,1985,1931,563
Mike Fratello,ATL,1984,1947,NA
K.C. Jones,BOS,1984,1932,671
Kevin Loughery,CHI,1984,1940,781
Tom Nissalke,CLE,1984,1932,NA
Dick Motta,DAL,1984,1931,NA
Doug Moe,DEN,1984,1938,948
Chuck Daly,DET,1984,1930,NA
Johnny Bach,GSW,1984,1924,268
Bill Fitch,HOU,1984,1934,NA
Jack McKinney,IND,1984,1935,NA
Cotton Fitzsimmons,KCK,1984,1931,NA
Pat Riley,LAL,1984,1945,1018
Don Nelson,MIL,1984,1940,770
Stan Albeck,NJN,1984,1931,NA
Hubie Brown,NYK,1984,1933,NA
Billy Cunningham,PHI,1984,1943,842
John MacLeod,PHO,1984,1937,NA
Jack Ramsay,POR,1984,1925,NA
Morris McHone,SAS,1984,1943,NA
Bob Bass,SAS,1984,1929,NA
Jim Lynam,SDC,1984,1941,NA
Lenny Wilkens,SEA,1984,1937,712
Frank Layden,UTA,1984,1932,NA
Gene Shue,WSB,1984,1931,563
Kevin Loughery,ATL,1983,1940,781
Bill Fitch,BOS,1983,1934,NA
Paul Westhead,CHI,1983,1939,NA
Tom Nissalke,CLE,1983,1932,NA
Dick Motta,DAL,1983,1931,NA
Doug Moe,DEN,1983,1938,948
Scotty Robertson,DET,1983,1930,NA
Al Attles,GSW,1983,1936,700
Del Harris,HOU,1983,1937,NA
Jack McKinney,IND,1983,1935,NA
Cotton Fitzsimmons,KCK,1983,1931,NA
Pat Riley,LAL,1983,1945,1018
Don Nelson,MIL,1983,1940,770
Larry Brown,NJN,1983,1940,998
Bill Blair,NJN,1983,1942,NA
Hubie Brown,NYK,1983,1933,NA
Billy Cunningham,PHI,1983,1943,842
John MacLeod,PHO,1983,1937,NA
Jack Ramsay,POR,1983,1925,NA
Stan Albeck,SAS,1983,1931,NA
Paul Silas,SDC,1983,1943,834
Lenny Wilkens,SEA,1983,1937,712
Frank Layden,UTA,1983,1932,NA
Gene Shue,WSB,1983,1931,563
Kevin Loughery,ATL,1982,1940,781
Bill Fitch,BOS,1982,1934,NA
Jerry Sloan,CHI,1982,1942,849
Phil Johnson,CHI,1982,1941,NA
Rod Thorn,CHI,1982,1941,811
Don Delaney,CLE,1982,1936,NA
Bob Kloppenburg,CLE,1982,1927,NA
Chuck Daly,CLE,1982,1930,NA
Bill Musselman,CLE,1982,1940,NA
Dick Motta,DAL,1982,1931,NA
Doug Moe,DEN,1982,1938,948
Scotty Robertson,DET,1982,1930,NA
Al Attles,GSW,1982,1936,700
Del Harris,HOU,1982,1937,NA
Jack McKinney,IND,1982,1935,NA
Cotton Fitzsimmons,KCK,1982,1931,NA
Paul Westhead,LAL,1982,1939,NA
Pat Riley,LAL,1982,1945,1018
Don Nelson,MIL,1982,1940,770
Larry Brown,NJN,1982,1940,998
Red Holzman,NYK,1982,1920,287
Billy Cunningham,PHI,1982,1943,842
John MacLeod,PHO,1982,1937,NA
Jack Ramsay,POR,1982,1925,NA
Stan Albeck,SAS,1982,1931,NA
Paul Silas,SDC,1982,1943,834
Lenny Wilkens,SEA,1982,1937,712
Tom Nissalke,UTA,1982,1932,NA
Frank Layden,UTA,1982,1932,NA
Gene Shue,WSB,1982,1931,563
Hubie Brown,ATL,1981,1933,NA
Mike Fratello,ATL,1981,1947,NA
Bill Fitch,BOS,1981,1934,NA
Jerry Sloan,CHI,1981,1942,849
Bill Musselman,CLE,1981,1940,NA
Don Delaney,CLE,1981,1936,NA
Dick Motta,DAL,1981,1931,NA
Donnie Walsh,DEN,1981,1941,NA
Doug Moe,DEN,1981,1938,948
Scotty Robertson,DET,1981,1930,NA
Al Attles,GSW,1981,1936,700
Del Harris,HOU,1981,1937,NA
Jack McKinney,IND,1981,1935,NA
Cotton Fitzsimmons,KCK,1981,1931,NA
Paul Westhead,LAL,1981,1939,NA
Don Nelson,MIL,1981,1940,770
Kevin Loughery,NJN,1981,1940,781
Bob MacKinnon,NJN,1981,1927,NA
Red Holzman,NYK,1981,1920,287
Billy Cunningham,PHI,1981,1943,842
John MacLeod,PHO,1981,1937,NA
Jack Ramsay,POR,1981,1925,NA
Stan Albeck,SAS,1981,1931,NA
Paul Silas,SDC,1981,1943,834
Lenny Wilkens,SEA,1981,1937,712
Tom Nissalke,UTA,1981,1932,NA
Gene Shue,WSB,1981,1931,563
Hubie Brown,ATL,1980,1933,NA
Bill Fitch,BOS,1980,1934,NA
Jerry Sloan,CHI,1980,1942,849
Stan Albeck,CLE,1980,1931,NA
Donnie Walsh,DEN,1980,1941,NA
Dick Vitale,DET,1980,1939,NA
Richie Adubato,DET,1980,1937,NA
Al Attles,GSW,1980,1936,700
Johnny Bach,GSW,1980,1924,268
Del Harris,HOU,1980,1937,NA
Slick Leonard,IND,1980,1932,632
Cotton Fitzsimmons,KCK,1980,1931,NA
Jack McKinney,LAL,1980,1935,NA
Paul Westhead,LAL,1980,1939,NA
Don Nelson,MIL,1980,1940,770
Kevin Loughery,NJN,1980,1940,781
Red Holzman,NYK,1980,1920,287
Billy Cunningham,PHI,1980,1943,842
John MacLeod,PHO,1980,1937,NA
Jack Ramsay,POR,1980,1925,NA
Doug Moe,SAS,1980,1938,948
Bob Bass,SAS,1980,1929,NA
Gene Shue,SDC,1980,1931,563
Lenny Wilkens,SEA,1980,1937,712
Tom Nissalke,UTA,1980,1932,NA
Dick Motta,WSB,1980,1931,NA
Hubie Brown,ATL,1979,1933,NA
Tom Sanders,BOS,1979,1938,718
Dave Cowens,BOS,1979,1948,1260
Larry Costello,CHI,1979,1931,570
Scotty Robertson,CHI,1979,1930,NA
Bill Fitch,CLE,1979,1934,NA
Larry Brown,DEN,1979,1940,998
Donnie Walsh,DEN,1979,1941,NA
Dick Vitale,DET,1979,1939,NA
Al Attles,GSW,1979,1936,700
Tom Nissalke,HOU,1979,1932,NA
Slick Leonard,IND,1979,1932,632
Cotton Fitzsimmons,KCK,1979,1931,NA
Jerry West,LAL,1979,1938,710
Don Nelson,MIL,1979,1940,770
Kevin Loughery,NJN,1979,1940,781
Elgin Baylor,NOJ,1979,1934,664
Willis Reed,NYK,1979,1942,839
Red Holzman,NYK,1979,1920,287
Billy Cunningham,PHI,1979,1943,842
John MacLeod,PHO,1979,1937,NA
Jack Ramsay,POR,1979,1925,NA
Doug Moe,SAS,1979,1938,948
Gene Shue,SDC,1979,1931,563
Lenny Wilkens,SEA,1979,1937,712
Dick Motta,WSB,1979,1931,NA
Hubie Brown,ATL,1978,1933,NA
Tom Heinsohn,BOS,1978,1934,633
Tom Sanders,BOS,1978,1938,718
Cotton Fitzsimmons,BUF,1978,1931,NA
Ed Badger,CHI,1978,1932,NA
Bill Fitch,CLE,1978,1934,NA
Larry Brown,DEN,1978,1940,998
Herb Brown,DET,1978,1936,NA
Bob Kauffman,DET,1978,1946,1075
Al Attles,GSW,1978,1936,700
Tom Nissalke,HOU,1978,1932,NA
Slick Leonard,IND,1978,1932,632
Phil Johnson,KCK,1978,1941,NA
Larry Staverman,KCK,1978,1936,672
Jerry West,LAL,1978,1938,710
Don Nelson,MIL,1978,1940,770
Kevin Loughery,NJN,1978,1940,781
Elgin Baylor,NOJ,1978,1934,664
Willis Reed,NYK,1978,1942,839
Gene Shue,PHI,1978,1931,563
Billy Cunningham,PHI,1978,1943,842
John MacLeod,PHO,1978,1937,NA
Jack Ramsay,POR,1978,1925,NA
Doug Moe,SAS,1978,1938,948
Bob Hopkins,SEA,1978,1934,614
Lenny Wilkens,SEA,1978,1937,712
Dick Motta,WSB,1978,1931,NA
Hubie Brown,ATL,1977,1933,NA
Tom Heinsohn,BOS,1977,1934,633
Tates Locke,BUF,1977,1937,NA
Bob MacKinnon,BUF,1977,1927,NA
Joe Mullaney,BUF,1977,1924,371
Ed Badger,CHI,1977,1932,NA
Bill Fitch,CLE,1977,1934,NA
Larry Brown,DEN,1977,1940,998
Herb Brown,DET,1977,1936,NA
Al Attles,GSW,1977,1936,700
Tom Nissalke,HOU,1977,1932,NA
Slick Leonard,IND,1977,1932,632
Phil Johnson,KCK,1977,1941,NA
Jerry West,LAL,1977,1938,710
Larry Costello,MIL,1977,1931,570
Don Nelson,MIL,1977,1940,770
Butch van Breda Kolff,NOJ,1977,1922,31
Elgin Baylor,NOJ,1977,1934,664
Red Holzman,NYK,1977,1920,287
Kevin Loughery,NYN,1977,1940,781
Gene Shue,PHI,1977,1931,563
John MacLeod,PHO,1977,1937,NA
Jack Ramsay,POR,1977,1925,NA
Doug Moe,SAS,1977,1938,948
Bill Russell,SEA,1977,1934,610
Dick Motta,WSB,1977,1931,NA
Cotton Fitzsimmons,ATL,1976,1931,NA
Gene Tormohlen,ATL,1976,1937,771
Tom Heinsohn,BOS,1976,1934,633
Jack Ramsay,BUF,1976,1925,NA
Dick Motta,CHI,1976,1931,NA
Bill Fitch,CLE,1976,1934,NA
Ray Scott,DET,1976,1938,745
Herb Brown,DET,1976,1936,NA
Al Attles,GSW,1976,1936,700
Johnny Egan,HOU,1976,1939,742
Phil Johnson,KCK,1976,1941,NA
Bill Sharman,LAL,1976,1926,419
Larry Costello,MIL,1976,1931,570
Butch van Breda Kolff,NOJ,1976,1922,31
Red Holzman,NYK,1976,1920,287
Gene Shue,PHI,1976,1931,563
John MacLeod,PHO,1976,1937,NA
Lenny Wilkens,POR,1976,1937,712
Bill Russell,SEA,1976,1934,610
K.C. Jones,WSB,1976,1932,671
Cotton Fitzsimmons,ATL,1975,1931,NA
Tom Heinsohn,BOS,1975,1934,633
Jack Ramsay,BUF,1975,1925,NA
Dick Motta,CHI,1975,1931,NA
Bill Fitch,CLE,1975,1934,NA
Ray Scott,DET,1975,1938,745
Al Attles,GSW,1975,1936,700
Johnny Egan,HOU,1975,1939,742
Phil Johnson,KCO,1975,1941,NA
Bill Sharman,LAL,1975,1926,419
Larry Costello,MIL,1975,1931,570
Scotty Robertson,NOJ,1975,1930,NA
Elgin Baylor,NOJ,1975,1934,664
Butch van Breda Kolff,NOJ,1975,1922,31
Red Holzman,NYK,1975,1920,287
Gene Shue,PHI,1975,1931,563
John MacLeod,PHO,1975,1937,NA
Lenny Wilkens,POR,1975,1937,712
Bill Russell,SEA,1975,1934,610
K.C. Jones,WSB,1975,1932,671
Cotton Fitzsimmons,ATL,1974,1931,NA
Tom Heinsohn,BOS,1974,1934,633
Jack Ramsay,BUF,1974,1925,NA
K.C. Jones,CAP,1974,1932,671
Dick Motta,CHI,1974,1931,NA
Bill Fitch,CLE,1974,1934,NA
Ray Scott,DET,1974,1938,745
Al Attles,GSW,1974,1936,700
Johnny Egan,HOU,1974,1939,742
Bob Cousy,KCO,1974,1928,420
Draff Young,KCO,1974,1942,NA
Phil Johnson,KCO,1974,1941,NA
Bill Sharman,LAL,1974,1926,419
Larry Costello,MIL,1974,1931,570
Red Holzman,NYK,1974,1920,287
Gene Shue,PHI,1974,1931,563
John MacLeod,PHO,1974,1937,NA
Jack McCloskey,POR,1974,1925,494
Bill Russell,SEA,1974,1934,610
Cotton Fitzsimmons,ATL,1973,1931,NA
Gene Shue,BAL,1973,1931,563
Tom Heinsohn,BOS,1973,1934,633
Jack Ramsay,BUF,1973,1925,NA
Dick Motta,CHI,1973,1931,NA
Bill Fitch,CLE,1973,1934,NA
Earl Lloyd,DET,1973,1928,429
Ray Scott,DET,1973,1938,745
Al Attles,GSW,1973,1936,700
Tex Winter,HOU,1973,1922,NA
Johnny Egan,HOU,1973,1939,742
Bob Cousy,KCO,1973,1928,420
Bill Sharman,LAL,1973,1926,419
Larry Costello,MIL,1973,1931,570
Red Holzman,NYK,1973,1920,287
Roy Rubin,PHI,1973,1925,NA
Kevin Loughery,PHI,1973,1940,781
Butch van Breda Kolff,PHO,1973,1922,31
Jerry Colangelo,PHO,1973,1939,NA
Jack McCloskey,POR,1973,1925,494
Tom Nissalke,SEA,1973,1932,NA
Bucky Buckwalter,SEA,1973,1933,NA
Richie Guerin,ATL,1972,1932,628
Gene Shue,BAL,1972,1931,563
Tom Heinsohn,BOS,1972,1934,633
Dolph Schayes,BUF,1972,1928,328
Johnny McCarthy,BUF,1972,1934,624
Dick Motta,CHI,1972,1931,NA
Bob Cousy,CIN,1972,1928,420
Bill Fitch,CLE,1972,1934,NA
Butch van Breda Kolff,DET,1972,1922,31
Terry Dischinger,DET,1972,1940,788
Earl Lloyd,DET,1972,1928,429
Al Attles,GSW,1972,1936,700
Tex Winter,HOU,1972,1922,NA
Bill Sharman,LAL,1972,1926,419
Larry Costello,MIL,1972,1931,570
Red Holzman,NYK,1972,1920,287
Jack Ramsay,PHI,1972,1925,NA
Cotton Fitzsimmons,PHO,1972,1931,NA
Rolland Todd,POR,1972,1934,NA
Stu Inman,POR,1972,1926,NA
Lenny Wilkens,SEA,1972,1937,712
Richie Guerin,ATL,1971,1932,628
Gene Shue,BAL,1971,1931,563
Tom Heinsohn,BOS,1971,1934,633
Dolph Schayes,BUF,1971,1928,328
Dick Motta,CHI,1971,1931,NA
Bob Cousy,CIN,1971,1928,420
Bill Fitch,CLE,1971,1934,NA
Butch van Breda Kolff,DET,1971,1922,31
Joe Mullaney,LAL,1971,1924,371
Larry Costello,MIL,1971,1931,570
Red Holzman,NYK,1971,1920,287
Jack Ramsay,PHI,1971,1925,NA
Cotton Fitzsimmons,PHO,1971,1931,NA
Rolland Todd,POR,1971,1934,NA
Alex Hannum,SDR,1971,1923,300
Lenny Wilkens,SEA,1971,1937,712
Al Attles,SFW,1971,1936,700
Richie Guerin,ATL,1970,1932,628
Gene Shue,BAL,1970,1931,563
Tom Heinsohn,BOS,1970,1934,633
Dick Motta,CHI,1970,1931,NA
Bob Cousy,CIN,1970,1928,420
Butch van Breda Kolff,DET,1970,1922,31
Joe Mullaney,LAL,1970,1924,371
Larry Costello,MIL,1970,1931,570
Red Holzman,NYK,1970,1920,287
Jack Ramsay,PHI,1970,1925,NA
Red Kerr,PHO,1970,1932,573
Jerry Colangelo,PHO,1970,1939,NA
Jack McMahon,SDR,1970,1928,495
Alex Hannum,SDR,1970,1923,300
Lenny Wilkens,SEA,1970,1937,712
George Lee,SFW,1970,1936,707
Al Attles,SFW,1970,1936,700
Richie Guerin,ATL,1969,1932,628
Gene Shue,BAL,1969,1931,563
Bill Russell,BOS,1969,1934,610
Dick Motta,CHI,1969,1931,NA
Ed Jucker,CIN,1969,1916,NA
Donnie Butcher,DET,1969,1936,730
Paul Seymour,DET,1969,1928,195
Butch van Breda Kolff,LAL,1969,1922,31
Larry Costello,MIL,1969,1931,570
Red Holzman,NYK,1969,1920,287
Jack Ramsay,PHI,1969,1925,NA
Red Kerr,PHO,1969,1932,573
Jack McMahon,SDR,1969,1928,495
Al Bianchi,SEA,1969,1932,609
George Lee,SFW,1969,1936,707
Gene Shue,BAL,1968,1931,563
Bill Russell,BOS,1968,1934,610
Red Kerr,CHI,1968,1932,573
Ed Jucker,CIN,1968,1916,NA
Donnie Butcher,DET,1968,1936,730
Butch van Breda Kolff,LAL,1968,1922,31
Dick McGuire,NYK,1968,1926,325
Red Holzman,NYK,1968,1920,287
Alex Hannum,PHI,1968,1923,300
Jack McMahon,SDR,1968,1928,495
Al Bianchi,SEA,1968,1932,609
Bill Sharman,SFW,1968,1926,419
Richie Guerin,STL,1968,1932,628
Mike Farmer,BAL,1967,1936,673
Buddy Jeannette,BAL,1967,1917,167
Gene Shue,BAL,1967,1931,563
Bill Russell,BOS,1967,1934,610
Red Kerr,CHI,1967,1932,573
Jack McMahon,CIN,1967,1928,495
Dave DeBusschere,DET,1967,1940,767
Donnie Butcher,DET,1967,1936,730
Fred Schaus,LAL,1967,1925,345
Dick McGuire,NYK,1967,1926,325
Alex Hannum,PHI,1967,1923,300
Bill Sharman,SFW,1967,1926,419
Richie Guerin,STL,1967,1932,628
Paul Seymour,BAL,1966,1928,195
Red Auerbach,BOS,1966,1917,NA
Jack McMahon,CIN,1966,1928,495
Dave DeBusschere,DET,1966,1940,767
Fred Schaus,LAL,1966,1925,345
Harry Gallatin,NYK,1966,1927,248
Dick McGuire,NYK,1966,1926,325
Dolph Schayes,PHI,1966,1928,328
Alex Hannum,SFW,1966,1923,300
Richie Guerin,STL,1966,1932,628
Buddy Jeannette,BAL,1965,1917,167
Red Auerbach,BOS,1965,1917,NA
Jack McMahon,CIN,1965,1928,495
Charles Wolf,DET,1965,1926,NA
Dave DeBusschere,DET,1965,1940,767
Fred Schaus,LAL,1965,1925,345
Eddie Donovan,NYK,1965,1922,NA
Harry Gallatin,NYK,1965,1927,248
Dolph Schayes,PHI,1965,1928,328
Alex Hannum,SFW,1965,1923,300
Harry Gallatin,STL,1965,1927,248
Richie Guerin,STL,1965,1932,628
Slick Leonard,BAL,1964,1932,632
Red Auerbach,BOS,1964,1917,NA
Jack McMahon,CIN,1964,1928,495
Charles Wolf,DET,1964,1926,NA
Fred Schaus,LAL,1964,1925,345
Eddie Donovan,NYK,1964,1922,NA
Dolph Schayes,PHI,1964,1928,328
Alex Hannum,SFW,1964,1923,300
Harry Gallatin,STL,1964,1927,248
Red Auerbach,BOS,1963,1917,NA
Jack McMahon,CHZ,1963,1928,495
Slick Leonard,CHZ,1963,1932,632
Charles Wolf,CIN,1963,1926,NA
Dick McGuire,DET,1963,1926,325
Fred Schaus,LAL,1963,1925,345
Eddie Donovan,NYK,1963,1922,NA
Bob Feerick,SFW,1963,1920,21
Harry Gallatin,STL,1963,1927,248
Alex Hannum,SYR,1963,1923,300
Red Auerbach,BOS,1962,1917,NA
Jim Pollard,CHP,1962,1922,261
Charles Wolf,CIN,1962,1926,NA
Dick McGuire,DET,1962,1926,325
Fred Schaus,LAL,1962,1925,345
Eddie Donovan,NYK,1962,1922,NA
Frank McGuire,PHW,1962,1913,NA
Paul Seymour,STL,1962,1928,195
Andrew Levane,STL,1962,1920,203
Bob Pettit,STL,1962,1932,549
Alex Hannum,SYR,1962,1923,300
Red Auerbach,BOS,1961,1917,NA
Charles Wolf,CIN,1961,1926,NA
Dick McGuire,DET,1961,1926,325
Fred Schaus,LAL,1961,1925,345
Carl Braun,NYK,1961,1927,169
Neil Johnston,PHW,1961,1929,469
Paul Seymour,STL,1961,1928,195
Alex Hannum,SYR,1961,1923,300
Red Auerbach,BOS,1960,1917,NA
Tom Marshall,CIN,1960,1931,579
Red Rocha,DET,1960,1923,197
Dick McGuire,DET,1960,1926,325
John Castellani,MNL,1960,1926,NA
Jim Pollard,MNL,1960,1922,261
Andrew Levane,NYK,1960,1920,203
Carl Braun,NYK,1960,1927,169
Neil Johnston,PHW,1960,1929,469
Ed Macauley,STL,1960,1928,337
Paul Seymour,SYR,1960,1928,195
Red Auerbach,BOS,1959,1917,NA
Bobby Wanzer,CIN,1959,1921,219
Tom Marshall,CIN,1959,1931,579
Red Rocha,DET,1959,1923,197
John Kundla,MNL,1959,1916,NA
Andrew Levane,NYK,1959,1920,203
Al Cervi,PHW,1959,1917,296
Andy Phillip,STL,1959,1922,162
Ed Macauley,STL,1959,1928,337
Paul Seymour,SYR,1959,1928,195
Red Auerbach,BOS,1958,1917,NA
Bobby Wanzer,CIN,1958,1921,219
Charles Eckman,DET,1958,1921,NA
Red Rocha,DET,1958,1923,197
George Mikan,MNL,1958,1924,246
John Kundla,MNL,1958,1916,NA
Vince Boryla,NYK,1958,1927,411
George Senesky,PHW,1958,1922,71
Alex Hannum,STL,1958,1923,300
Paul Seymour,SYR,1958,1928,195
Red Auerbach,BOS,1957,1917,NA
Charles Eckman,FTW,1957,1921,NA
John Kundla,MNL,1957,1916,NA
Vince Boryla,NYK,1957,1927,411
George Senesky,PHW,1957,1922,71
Bobby Wanzer,ROC,1957,1921,219
Red Holzman,STL,1957,1920,287
Slater Martin,STL,1957,1925,406
Alex Hannum,STL,1957,1923,300
Al Cervi,SYR,1957,1917,296
Paul Seymour,SYR,1957,1928,195
Red Auerbach,BOS,1956,1917,NA
Charles Eckman,FTW,1956,1921,NA
John Kundla,MNL,1956,1916,NA
Joe Lapchick,NYK,1956,1900,NA
Vince Boryla,NYK,1956,1927,411
George Senesky,PHW,1956,1922,71
Bobby Wanzer,ROC,1956,1921,219
Red Holzman,STL,1956,1920,287
Al Cervi,SYR,1956,1917,296
Red Auerbach,BOS,1955,1917,NA
Charles Eckman,FTW,1955,1921,NA
Red Holzman,MLH,1955,1920,287
John Kundla,MNL,1955,1916,NA
Joe Lapchick,NYK,1955,1900,NA
Edward Gottlieb,PHW,1955,1898,NA
Les Harrison,ROC,1955,1904,NA
Al Cervi,SYR,1955,1917,296
Clair Bee,BLB,1954,1896,NA
Red Auerbach,BOS,1954,1917,NA
Paul Birch,FTW,1954,1910,NA
Andrew Levane,MLH,1954,1920,203
Red Holzman,MLH,1954,1920,287
John Kundla,MNL,1954,1916,NA
Joe Lapchick,NYK,1954,1900,NA
Edward Gottlieb,PHW,1954,1898,NA
Les Harrison,ROC,1954,1904,NA
Al Cervi,SYR,1954,1917,296
Chick Reiser,BLB,1953,1914,172
Clair Bee,BLB,1953,1896,NA
Red Auerbach,BOS,1953,1917,NA
Paul Birch,FTW,1953,1910,NA
Herm Schaefer,INO,1953,1918,250
Andrew Levane,MLH,1953,1920,203
John Kundla,MNL,1953,1916,NA
Joe Lapchick,NYK,1953,1900,NA
Edward Gottlieb,PHW,1953,1898,NA
Les Harrison,ROC,1953,1904,NA
Al Cervi,SYR,1953,1917,296
Fred Scolari,BLB,1952,1922,61
Chick Reiser,BLB,1952,1914,172
Red Auerbach,BOS,1952,1917,NA
Paul Birch,FTW,1952,1910,NA
Herm Schaefer,INO,1952,1918,250
Doxie Moore,MLH,1952,1911,NA
John Kundla,MNL,1952,1916,NA
Joe Lapchick,NYK,1952,1900,NA
Edward Gottlieb,PHW,1952,1898,NA
Les Harrison,ROC,1952,1904,NA
Al Cervi,SYR,1952,1917,296
Buddy Jeannette,BLB,1951,1917,167
Walt Budko,BLB,1951,1925,292
Red Auerbach,BOS,1951,1917,NA
Murray Mendenhall,FTW,1951,1898,NA
Cliff Barker,INO,1951,1921,320
Wah Wah Jones,INO,1951,1926,412
John Kundla,MNL,1951,1916,NA
Joe Lapchick,NYK,1951,1900,NA
Edward Gottlieb,PHW,1951,1898,NA
Les Harrison,ROC,1951,1904,NA
Al Cervi,SYR,1951,1917,296
Dave McMillan,TRI,1951,1886,NA
John Logan,TRI,1951,1921,103
Mike Todorovich,TRI,1951,1923,389
Bones McKinney,WSC,1951,1919,27
Howie Schultz,AND,1950,1922,357
Ike Duffey,AND,1950,1906,NA
Doxie Moore,AND,1950,1911,NA
Buddy Jeannette,BLB,1950,1917,167
Alvin Julian,BOS,1950,1901,NA
Philip Brownstein,CHS,1950,1906,NA
Jimmy Darden,DNN,1950,1922,367
Murray Mendenhall,FTW,1950,1898,NA
Cliff Barker,INO,1950,1921,320
John Kundla,MNL,1950,1916,NA
Joe Lapchick,NYK,1950,1900,NA
Edward Gottlieb,PHW,1950,1898,NA
Les Harrison,ROC,1950,1904,NA
Ken Suesens,SHE,1950,1916,NA
Grady Lewis,STB,1950,1917,75
Al Cervi,SYR,1950,1917,296
Roger Potter,TRI,1950,1907,NA
Red Auerbach,TRI,1950,1917,NA
Charley Shipp,WAT,1950,1913,317
Jack Smiley,WAT,1950,1922,257
Bob Feerick,WSC,1950,1920,21
